C,SETP.WORLD,DVD_GENUNITS,AEMO,PUBLIC,2024/02/07,00:25:16,0000000410396561,,0000000410396500
I,PARTICIPANT_REGISTRATION,GENUNITS,2,GENSETID,STATIONID,SETLOSSFACTOR,CDINDICATOR,AGCFLAG,SPINNINGFLAG,VOLTLEVEL,REGISTEREDCAPACITY,DISPATCHTYPE,STARTTYPE,MKTGENERATORIND,NORMALSTATUS,MAXCAPACITY,GENSETTYPE,GENSETNAME,LASTCHANGED,CO2E_EMISSIONS_FACTOR,CO2E_ENERGY_SOURCE,CO2E_DATA_SOURCE
D,PARTICIPANT_REGISTRATION,GENUNITS,2,CALL_A_1,,,Y,N,Y,132,30,GROSS/NET,SLOW,Y,N,30,GENERATOR,,"2008/12/10 09:32:21",,,
D,PARTICIPANT_REGISTRATION,GENUNITS,2,CALL_A_3,,,Y,N,Y,132,30,GROSS/NET,SLOW,Y,N,30,GENERATOR,,"2008/12/10 09:32:21",,,
D,PARTICIPANT_REGISTRATION,GENUNITS,2,MRIDGE,,,Y,N,N,275,56,GROSS/NET,FAST,Y,N,56,GENERATOR,,"2008/12/10 09:32:21",,,
D,PARTICIPANT_REGISTRATION,GENUNITS,2,SWAN_A_1,,,Y,Y,Y,110,68,GROSS/NET,SLOW,Y,N,68,GENERATOR,,"2008/12/10 09:32:21",,,
D,PARTICIPANT_REGISTRATION,GENUNITS,2,SWAN_A_2,,,Y,Y,Y,110,68,GROSS/NET,SLOW,Y,N,68,GENERATOR,,"2008/12/10 09:32:21",,,
D,PARTICIPANT_REGISTRATION,GENUNITS,2,SWAN_A_3,,,Y,Y,Y,110,68,GROSS/NET,SLOW,Y,N,68,GENERATOR,,"2008/12/10 09:32:21",,,
D,PARTICIPANT_REGISTRATION,GENUNITS,2,SWAN_A_4,,,Y,Y,Y,110,68,GROSS/NET,SLOW,Y,N,68,GENERATOR,,"2008/12/10 09:32:21",,,
D,PARTICIPANT_REGISTRATION,GENUNITS,2,SWAN_A_5,,,Y,Y,Y,110,68,GROSS/NET,SLOW,Y,N,68,GENERATOR,,"2008/12/10 09:32:21",,,
D,PARTICIPANT_REGISTRATION,GENUNITS,2,SWAN_A_6,,,Y,Y,Y,110,68,GROSS/NET,SLOW,Y,N,68,GENERATOR,,"2008/12/10 09:32:21",,,
D,PARTICIPANT_REGISTRATION,GENUNITS,2,SWAN_B_1,,,Y,Y,Y,275,125,GROSS/NET,SLOW,Y,N,125,GENERATOR,,"2012/06/08 12:35:44",1.0910,"Black coal","NTNDP 2011"
D,PARTICIPANT_REGISTRATION,GENUNITS,2,SWAN_B_2,,,Y,Y,Y,275,125,GROSS/NET,SLOW,Y,N,125,GENERATOR,,"2012/06/08 12:35:44",1.0910,"Black coal","NTNDP 2011"
D,PARTICIPANT_REGISTRATION,GENUNITS,2,SWAN_B_3,,,Y,Y,Y,275,125,GROSS/NET,SLOW,Y,N,125,GENERATOR,,"2012/06/08 12:35:45",1.0910,"Black coal","NTNDP 2011"
D,PARTICIPANT_REGISTRATION,GENUNITS,2,SWAN_B_4,,,Y,Y,Y,275,125,GROSS/NET,SLOW,Y,N,125,GENERATOR,,"2012/06/08 12:35:45",1.0910,"Black coal","NTNDP 2011"
D,PARTICIPANT_REGISTRATION,GENUNITS,2,SWAN_C,,,Y,N,N,110,26,GROSS/NET,FAST,Y,N,26,GENERATOR,,"2008/12/10 09:32:21",,,
D,PARTICIPANT_REGISTRATION,GENUNITS,2,WG01,,,N,N,Y,132,50,GROSS/NET,,Y,N,50,GENERATOR,,"2012/06/08 12:35:48",0,Hydro,"NTNDP 2011"
D,PARTICIPANT_REGISTRATION,GENUNITS,2,GE01,,,Y,Y,Y,275,25,GROSS/NET,FAST,Y,N,25,GENERATOR,,"2008/12/10 09:32:21",,,
D,PARTICIPANT_REGISTRATION,GENUNITS,2,GE02,,,Y,Y,Y,275,25,GROSS/NET,FAST,Y,N,25,GENERATOR,,"2008/12/10 09:32:21",,,
D,PARTICIPANT_REGISTRATION,GENUNITS,2,GE03,,,Y,Y,Y,275,25,GROSS/NET,FAST,N,N,25,GENERATOR,,"2008/12/10 09:32:21",,,
D,PARTICIPANT_REGISTRATION,GENUNITS,2,GE04,,,Y,Y,Y,275,25,GROSS/NET,FAST,N,N,25,GENERATOR,,"2008/12/10 09:32:21",,,
D,PARTICIPANT_REGISTRATION,GENUNITS,2,GK01,,,Y,Y,Y,275,24,GROSS/NET,FAST,Y,N,24,GENERATOR,,"2008/12/10 09:32:21",,,
D,PARTICIPANT_REGISTRATION,GENUNITS,2,GK02,,,Y,Y,Y,275,24,GROSS/NET,FAST,N,N,24,GENERATOR,,"2008/12/10 09:32:21",,,
D,PARTICIPANT_REGISTRATION,GENUNITS,2,GK03,,,Y,Y,Y,275,24,GROSS/NET,FAST,N,N,24,GENERATOR,,"2008/12/10 09:32:21",,,
D,PARTICIPANT_REGISTRATION,GENUNITS,2,GK04,,,Y,Y,Y,275,24,GROSS/NET,FAST,N,N,24,GENERATOR,,"2008/12/10 09:32:21",,,
D,PARTICIPANT_REGISTRATION,GENUNITS,2,GB02,,,N,N,Y,22,25,GROSS/NET,,N,N,25,GENERATOR,,"2008/12/10 09:32:21",,,
D,PARTICIPANT_REGISTRATION,GENUNITS,2,PTH02,,,N,N,N,220,110,GROSS/NET,,N,Y,110,LOAD,,"2005/11/23 09:55:53",,,
D,PARTICIPANT_REGISTRATION,GENUNITS,2,PTH03,,,N,N,N,220,130,GROSS/NET,,N,Y,130,LOAD,,"2005/11/23 09:55:53",,,
D,PARTICIPANT_REGISTRATION,GENUNITS,2,CLOVER1,,,Y,N,N,66,12,GROSS/NET,FAST,Y,N,12,GENERATOR,,"2008/12/10 09:32:21",,,
D,PARTICIPANT_REGISTRATION,GENUNITS,2,CLOVER2,,,Y,N,N,66,12,GROSS/NET,FAST,Y,N,12,GENERATOR,,"2008/12/10 09:32:21",,,
D,PARTICIPANT_REGISTRATION,GENUNITS,2,ROCKY-GT,,,N,N,Y,132,25,GROSS/NET,FAST,N,N,25,GENERATOR,,"2008/12/10 09:32:21",,,
D,PARTICIPANT_REGISTRATION,GENUNITS,2,SNOWY1,,,Y,Y,Y,330,3756,GROSS/NET,FAST,Y,N,3756,GENERATOR,,"2008/12/10 09:32:21",,,
D,PARTICIPANT_REGISTRATION,GENUNITS,2,SNOWY2,,,Y,Y,Y,330,3756,GROSS/NET,FAST,Y,N,3756,GENERATOR,,"2008/12/10 09:32:21",,,
D,PARTICIPANT_REGISTRATION,GENUNITS,2,SNOWY3,,,Y,Y,Y,330,3756,GROSS/NET,FAST,Y,N,3756,GENERATOR,,"2008/12/10 09:32:21",,,
D,PARTICIPANT_REGISTRATION,GENUNITS,2,SNOWY4,,,Y,Y,Y,330,3756,GROSS/NET,FAST,Y,N,3756,GENERATOR,,"2008/12/10 09:32:21",,,
D,PARTICIPANT_REGISTRATION,GENUNITS,2,SNOWY5,,,Y,Y,Y,330,3756,GROSS/NET,FAST,Y,N,3756,GENERATOR,,"2008/12/10 09:32:21",,,
D,PARTICIPANT_REGISTRATION,GENUNITS,2,SNOWY6,,,Y,Y,Y,330,3756,GROSS/NET,FAST,Y,N,3756,GENERATOR,,"2008/12/10 09:32:21",,,
D,PARTICIPANT_REGISTRATION,GENUNITS,2,SNOWYP,,,Y,N,Y,330,600,GROSS/NET,SLOW,Y,N,600,LOAD,,"2011/06/28 15:55:21",,,
D,PARTICIPANT_REGISTRATION,GENUNITS,2,SNUG4,,,Y,N,N,132,21,GROSS/NET,FAST,Y,N,26,GENERATOR,,"2008/12/10 09:32:21",,,
D,PARTICIPANT_REGISTRATION,GENUNITS,2,STHJST,,,N,N,N,22,18,GROSS/NET,SLOW,N,N,18,GENERATOR,,"2008/12/10 09:32:21",,,
D,PARTICIPANT_REGISTRATION,GENUNITS,2,BHASZINC,,,N,N,N,132,22,GROSS/NET,,N,Y,22,LOAD,,"2005/11/23 09:55:53",,,
D,PARTICIPANT_REGISTRATION,GENUNITS,2,SHGEN2,,,N,N,N,330,40,GROSS/NET,,N,N,40,GENERATOR,,"2008/12/10 09:32:21",,,
D,PARTICIPANT_REGISTRATION,GENUNITS,2,VICSMLT,,,N,N,N,500,300,GROSS/NET,,N,Y,300,LOAD,,"2005/11/23 09:55:53",,,
D,PARTICIPANT_REGISTRATION,GENUNITS,2,BLOWER,,,N,N,N,330,80,GROSS/NET,,N,N,80,GENERATOR,,"2008/12/04 11:22:50",,,
D,PARTICIPANT_REGISTRATION,GENUNITS,2,GUTH-1,,,N,N,N,330,30,GROSS/NET,,N,N,30,GENERATOR,,"2011/06/28 15:55:21",,,
D,PARTICIPANT_REGISTRATION,GENUNITS,2,GUTH-2,,,N,N,N,330,30,GROSS/NET,,N,N,30,GENERATOR,,"2011/06/28 15:55:21",,,
D,PARTICIPANT_REGISTRATION,GENUNITS,2,TBLD,,,N,N,N,66,7,GROSS/NET,SLOW,N,N,7,GENERATOR,,"2008/12/10 09:32:21",,,
D,PARTICIPANT_REGISTRATION,GENUNITS,2,SWANNL1,,,N,N,N,330,25,GROSS/NET,FAST,Y,N,25,GENERATOR,,"2008/12/10 09:32:21",,,
D,PARTICIPANT_REGISTRATION,GENUNITS,2,BAYNL1,,,N,N,N,330,25,GROSS/NET,FAST,Y,N,25,GENERATOR,,"2008/12/10 09:32:21",,,
D,PARTICIPANT_REGISTRATION,GENUNITS,2,KARYNL1,,,N,N,N,330,25,GROSS/NET,FAST,Y,N,25,GENERATOR,,"2008/12/10 09:32:21",,,
D,PARTICIPANT_REGISTRATION,GENUNITS,2,MURR1-10,,,N,N,N,330,95,GROSS/NET,,N,N,95,GENERATOR,,"2011/06/28 15:55:21",,,
D,PARTICIPANT_REGISTRATION,GENUNITS,2,MURR1-2,,,N,N,N,330,95,GROSS/NET,,N,N,95,GENERATOR,,"2011/06/28 15:55:21",,,
D,PARTICIPANT_REGISTRATION,GENUNITS,2,MURR1-3,,,N,N,N,330,95,GROSS/NET,,N,N,95,GENERATOR,,"2011/06/28 15:55:21",,,
D,PARTICIPANT_REGISTRATION,GENUNITS,2,MURR1-4,,,N,N,N,330,95,GROSS/NET,,N,N,95,GENERATOR,,"2011/06/28 15:55:21",,,
D,PARTICIPANT_REGISTRATION,GENUNITS,2,MURR1-6,,,N,N,N,330,95,GROSS/NET,,N,N,95,GENERATOR,,"2011/06/28 15:55:21",,,
D,PARTICIPANT_REGISTRATION,GENUNITS,2,MURR1-7,,,N,N,N,330,95,GROSS/NET,,N,N,95,GENERATOR,,"2011/06/28 15:55:21",,,
D,PARTICIPANT_REGISTRATION,GENUNITS,2,MURR1-8,,,N,N,N,330,95,GROSS/NET,,N,N,95,GENERATOR,,"2011/06/28 15:55:21",,,
D,PARTICIPANT_REGISTRATION,GENUNITS,2,MURR1-9,,,N,N,N,330,95,GROSS/NET,,N,N,95,GENERATOR,,"2011/06/28 15:55:21",,,
D,PARTICIPANT_REGISTRATION,GENUNITS,2,MURR2-1,,,N,N,N,330,138,GROSS/NET,,N,N,138,GENERATOR,,"2011/06/28 15:55:21",,,
D,PARTICIPANT_REGISTRATION,GENUNITS,2,MURR2-3,,,N,N,N,330,138,GROSS/NET,,N,N,138,GENERATOR,,"2011/06/28 15:55:21",,,
D,PARTICIPANT_REGISTRATION,GENUNITS,2,SNOWYGJP,,,N,N,N,132,70,GROSS/NET,,N,N,70,GENERATOR,,"2008/12/10 09:32:21",,,
D,PARTICIPANT_REGISTRATION,GENUNITS,2,SNWYGJP2,,,N,N,N,330,70,GROSS/NET,,N,N,70,GENERATOR,,"2008/12/10 09:32:21",,,
D,PARTICIPANT_REGISTRATION,GENUNITS,2,TUMUT1-1,,,N,N,N,330,82,GROSS/NET,,N,N,82,GENERATOR,,"2011/06/28 15:55:22",,,
D,PARTICIPANT_REGISTRATION,GENUNITS,2,TUMUT1-2,,,N,N,N,330,82,GROSS/NET,,N,N,82,GENERATOR,,"2011/06/28 15:55:22",,,
D,PARTICIPANT_REGISTRATION,GENUNITS,2,TUMUT1-3,,,N,N,N,330,82,GROSS/NET,,N,N,82,GENERATOR,,"2011/06/28 15:55:22",,,
D,PARTICIPANT_REGISTRATION,GENUNITS,2,TUMUT2-1,,,N,N,N,330,72,GROSS/NET,,N,N,72,GENERATOR,,"2011/06/28 15:55:22",,,
D,PARTICIPANT_REGISTRATION,GENUNITS,2,TUMUT2-2,,,N,N,N,330,72,GROSS/NET,,N,N,72,GENERATOR,,"2011/06/28 15:55:22",,,
D,PARTICIPANT_REGISTRATION,GENUNITS,2,TUMUT2-3,,,N,N,N,330,72,GROSS/NET,,N,N,72,GENERATOR,,"2011/06/28 15:55:22",,,
D,PARTICIPANT_REGISTRATION,GENUNITS,2,TUMUT2-4,,,N,N,N,330,72,GROSS/NET,,N,N,72,GENERATOR,,"2011/06/28 15:55:22",,,
D,PARTICIPANT_REGISTRATION,GENUNITS,2,TUMUT3-5,,,N,N,N,330,250,GROSS/NET,,N,N,250,GENERATOR,,"2011/06/28 15:55:22",,,
D,PARTICIPANT_REGISTRATION,GENUNITS,2,SWAN_D,,,Y,N,N,110,37,NET/NET,FAST,Y,N,37,GENERATOR,,"2008/12/10 09:32:21",,,
D,PARTICIPANT_REGISTRATION,GENUNITS,2,SNWYGJP1,,,N,N,N,330,70,GROSS/NET,,N,N,70,GENERATOR,,"2008/12/10 09:32:21",,,
D,PARTICIPANT_REGISTRATION,GENUNITS,2,TOMAGO1,,,N,N,N,330,220,GROSS/NET,,N,Y,220,LOAD,,"2005/11/23 09:55:53",,,
D,PARTICIPANT_REGISTRATION,GENUNITS,2,TOMAGO2,,,N,N,N,330,220,GROSS/NET,,N,Y,220,LOAD,,"2005/11/23 09:55:53",,,
D,PARTICIPANT_REGISTRATION,GENUNITS,2,TOMAGO3,,,N,N,N,330,220,GROSS/NET,,N,Y,220,LOAD,,"2005/11/23 09:55:53",,,
D,PARTICIPANT_REGISTRATION,GENUNITS,2,FARLEIGH,,,N,N,N,11,13,GROSS/NET,,Y,N,13,GENERATOR,,"2008/12/10 09:32:21",,,
D,PARTICIPANT_REGISTRATION,GENUNITS,2,MACKNADE,,,N,N,N,11,8,GROSS/NET,,Y,N,8,GENERATOR,,"2008/12/10 09:32:21",,,
D,PARTICIPANT_REGISTRATION,GENUNITS,2,MARIAN,,,N,N,N,11,18,GROSS/NET,,Y,N,18,GENERATOR,,"2008/12/10 09:32:21",,,
D,PARTICIPANT_REGISTRATION,GENUNITS,2,PLANECRK,,,N,N,N,11,23,GROSS/NET,,Y,N,23,GENERATOR,,"2008/12/10 09:32:21",,,
D,PARTICIPANT_REGISTRATION,GENUNITS,2,PLEYSTOW,,,N,N,N,11,11,GROSS/NET,,Y,N,11,GENERATOR,,"2008/12/10 09:32:21",,,
D,PARTICIPANT_REGISTRATION,GENUNITS,2,RCOURSE,,,N,N,N,11,14,GROSS/NET,,Y,N,14,GENERATOR,,"2008/12/10 09:32:21",,,
D,PARTICIPANT_REGISTRATION,GENUNITS,2,ERG_AS,,,N,N,N,132,30,GROSS/NET,,N,Y,30,LOAD,,"2005/11/23 09:55:53",,,
D,PARTICIPANT_REGISTRATION,GENUNITS,2,WGULLY,,,N,N,N,11,2,GROSS/NET,,Y,N,2,GENERATOR,,"2008/12/10 09:32:21",,,
D,PARTICIPANT_REGISTRATION,GENUNITS,2,DLNKNSW,,,N,N,N,132,180,NET/NET,SLOW,Y,N,188,GENERATOR,,"2008/12/10 09:32:21",,,
D,PARTICIPANT_REGISTRATION,GENUNITS,2,DLNKQLD,,,N,N,N,110,180,NET/NET,SLOW,Y,N,188,GENERATOR,,"2008/12/10 09:32:21",,,
D,PARTICIPANT_REGISTRATION,GENUNITS,2,UWS1,,,N,N,N,11,1,GROSS/NET,,Y,N,1,GENERATOR,,"2008/12/10 09:32:21",,,
D,PARTICIPANT_REGISTRATION,GENUNITS,2,CALLNL2,,,N,N,N,330,25,GROSS/NET,FAST,Y,N,25,GENERATOR,,"2008/12/10 09:32:21",,,
D,PARTICIPANT_REGISTRATION,GENUNITS,2,DRYCNL3,,,Y,Y,Y,275,160,GROSS/NET,,Y,N,160,GENERATOR,,"2008/12/10 09:32:21",,,
D,PARTICIPANT_REGISTRATION,GENUNITS,2,MULGRAVE,,,N,N,N,22,2,GROSS/NET,,Y,N,2,GENERATOR,,"2008/12/10 09:32:21",,,
D,PARTICIPANT_REGISTRATION,GENUNITS,2,CALLNL3,,,N,N,N,330,25,GROSS/NET,FAST,Y,N,25,GENERATOR,,"2008/12/10 09:32:21",,,
D,PARTICIPANT_REGISTRATION,GENUNITS,2,LYGS1,,,Y,N,N,500,50,GROSS/NET,FAST,Y,N,65,GENERATOR,,"2008/12/10 09:32:21",,,
D,PARTICIPANT_REGISTRATION,GENUNITS,2,LYGS2,,,Y,N,N,500,50,GROSS/NET,FAST,Y,N,65,GENERATOR,,"2008/12/10 09:32:21",,,
D,PARTICIPANT_REGISTRATION,GENUNITS,2,LYGS3,,,Y,N,N,500,50,GROSS/NET,FAST,Y,N,65,GENERATOR,,"2008/12/10 09:32:21",,,
D,PARTICIPANT_REGISTRATION,GENUNITS,2,LYGS4,,,Y,N,N,500,50,GROSS/NET,FAST,Y,N,65,GENERATOR,,"2008/12/10 09:32:21",,,
D,PARTICIPANT_REGISTRATION,GENUNITS,2,LYGS5,,,Y,N,N,500,50,GROSS/NET,FAST,Y,N,65,GENERATOR,,"2008/12/10 09:32:21",,,
D,PARTICIPANT_REGISTRATION,GENUNITS,2,LYGS6,,,Y,N,N,500,50,GROSS/NET,FAST,Y,N,65,GENERATOR,,"2008/12/10 09:32:21",,,
D,PARTICIPANT_REGISTRATION,GENUNITS,2,SUNSHINE,,,N,N,N,22,8,NET/NET,,Y,N,8,GENERATOR,,"2008/12/10 09:32:21",,,
D,PARTICIPANT_REGISTRATION,GENUNITS,2,MLINKSA,,,N,N,N,132,220,NET/NET,,Y,N,270,GENERATOR,,"2008/12/10 09:32:21",,,
D,PARTICIPANT_REGISTRATION,GENUNITS,2,MLINKVIC,,,N,N,N,220,220,NET/NET,,Y,N,270,GENERATOR,,"2008/12/10 09:32:21",,,
D,PARTICIPANT_REGISTRATION,GENUNITS,2,STPN1,,,N,N,N,11,5,NET/NET,,Y,N,5,GENERATOR,,"2008/12/10 09:32:21",,,
D,PARTICIPANT_REGISTRATION,GENUNITS,2,RT_NSW1,,,Y,N,N,330,3000,GROSS/NET,SLOW,N,N,3000,LOAD,,"2005/11/23 09:55:53",,,
D,PARTICIPANT_REGISTRATION,GENUNITS,2,RT_QLD1,,,Y,N,N,330,3000,GROSS/NET,SLOW,N,N,3000,LOAD,,"2005/11/23 09:55:53",,,
D,PARTICIPANT_REGISTRATION,GENUNITS,2,RT_SA1,,,Y,N,N,330,3000,GROSS/NET,SLOW,N,N,3000,LOAD,,"2005/11/23 09:55:53",,,
D,PARTICIPANT_REGISTRATION,GENUNITS,2,RT_VIC1,,,Y,N,N,330,3000,GROSS/NET,SLOW,N,N,3000,LOAD,,"2005/11/23 09:55:53",,,
D,PARTICIPANT_REGISTRATION,GENUNITS,2,VICSMLT2,,,N,N,N,500,300,GROSS/NET,,N,Y,300,LOAD,,"2005/11/23 09:55:53",,,
D,PARTICIPANT_REGISTRATION,GENUNITS,2,SOMERSET,,,N,N,N,33,3,NET/NET,,Y,N,4,GENERATOR,,"2008/12/10 09:32:21",,,
D,PARTICIPANT_REGISTRATION,GENUNITS,2,DG_NSW1,,,Y,N,N,330,3000,GROSS/NET,SLOW,N,N,3000,GENERATOR,,"2008/12/10 09:32:21",,,
D,PARTICIPANT_REGISTRATION,GENUNITS,2,DG_QLD1,,,Y,N,N,330,3000,GROSS/NET,SLOW,N,N,3000,GENERATOR,,"2008/12/10 09:32:21",,,
D,PARTICIPANT_REGISTRATION,GENUNITS,2,DG_SA1,,,Y,N,N,330,3000,GROSS/NET,SLOW,N,N,3000,GENERATOR,,"2008/12/10 09:32:21",,,
D,PARTICIPANT_REGISTRATION,GENUNITS,2,DG_VIC1,,,Y,N,N,330,3000,GROSS/NET,SLOW,N,N,3000,GENERATOR,,"2008/12/10 09:32:21",,,
D,PARTICIPANT_REGISTRATION,GENUNITS,2,BELLBAY1,,,Y,N,N,110,120,GROSS/NET,SLOW,Y,N,120,GENERATOR,,"2008/12/04 11:22:50",,,
D,PARTICIPANT_REGISTRATION,GENUNITS,2,BELLBAY2,,,Y,N,N,110,120,GROSS/NET,SLOW,Y,N,120,GENERATOR,,"2008/12/04 11:22:50",,,
D,PARTICIPANT_REGISTRATION,GENUNITS,2,GORDON1,,,N,Y,Y,220,144,NET/NET,SLOW,N,N,150,GENERATOR,,"2008/12/10 09:32:21",,,
D,PARTICIPANT_REGISTRATION,GENUNITS,2,GORDON2,,,N,Y,Y,220,144,NET/NET,SLOW,N,N,150,GENERATOR,,"2008/12/10 09:32:21",,,
D,PARTICIPANT_REGISTRATION,GENUNITS,2,GORDON3,,,N,Y,Y,220,144,NET/NET,SLOW,N,N,150,GENERATOR,,"2008/12/10 09:32:21",,,
D,PARTICIPANT_REGISTRATION,GENUNITS,2,LEMONTME,,,N,Y,Y,220,51,NET/NET,SLOW,N,N,54,GENERATOR,,"2008/12/10 09:32:21",,,
D,PARTICIPANT_REGISTRATION,GENUNITS,2,CATA_1,,,N,Y,Y,220,24,NET/NET,SLOW,N,N,25,GENERATOR,,"2008/12/10 09:32:21",,,
D,PARTICIPANT_REGISTRATION,GENUNITS,2,CATA_2,,,N,Y,Y,220,24,NET/NET,SLOW,N,N,25,GENERATOR,,"2008/12/10 09:32:21",,,
D,PARTICIPANT_REGISTRATION,GENUNITS,2,POATINA1,,,N,Y,Y,110,50,NET/NET,SLOW,N,N,62,GENERATOR,,"2008/12/10 09:32:21",,,
D,PARTICIPANT_REGISTRATION,GENUNITS,2,POATINA2,,,N,Y,Y,110,50,NET/NET,SLOW,N,N,62,GENERATOR,,"2008/12/10 09:32:21",,,
D,PARTICIPANT_REGISTRATION,GENUNITS,2,TREV_1,,,N,Y,Y,110,20,NET/NET,SLOW,N,N,21,GENERATOR,,"2008/12/10 09:32:21",,,
D,PARTICIPANT_REGISTRATION,GENUNITS,2,TREV_2,,,N,Y,Y,110,20,NET/NET,SLOW,N,N,21,GENERATOR,,"2008/12/10 09:32:21",,,
D,PARTICIPANT_REGISTRATION,GENUNITS,2,TREV_3,,,N,Y,Y,110,27,NET/NET,SLOW,N,N,31,GENERATOR,,"2008/12/10 09:32:21",,,
D,PARTICIPANT_REGISTRATION,GENUNITS,2,TREV_4,,,N,Y,Y,110,27,NET/NET,SLOW,N,N,31,GENERATOR,,"2008/12/10 09:32:21",,,
D,PARTICIPANT_REGISTRATION,GENUNITS,2,TUNGA_3,,,N,Y,Y,110,25,NET/NET,SLOW,N,N,26,GENERATOR,,"2008/12/10 09:32:21",,,
D,PARTICIPANT_REGISTRATION,GENUNITS,2,TUNGA_4,,,N,Y,Y,110,25,NET/NET,SLOW,N,N,26,GENERATOR,,"2008/12/10 09:32:21",,,
D,PARTICIPANT_REGISTRATION,GENUNITS,2,DG_TAS1,,,Y,N,N,330,3000,GROSS/NET,SLOW,N,N,3000,GENERATOR,,"2008/12/10 09:32:21",,,
D,PARTICIPANT_REGISTRATION,GENUNITS,2,RT_TAS1,,,Y,N,N,330,3000,GROSS/NET,SLOW,N,N,3000,LOAD,,"2005/11/23 09:55:53",,,
D,PARTICIPANT_REGISTRATION,GENUNITS,2,BLNKTAS,,,N,N,N,220,480,NET/NET,,Y,N,480,GENERATOR,,"2008/12/04 11:22:50",,,
D,PARTICIPANT_REGISTRATION,GENUNITS,2,BLNKVIC,,,N,N,N,500,600,NET/NET,,Y,N,600,GENERATOR,,"2008/12/04 11:22:50",,,
D,PARTICIPANT_REGISTRATION,GENUNITS,2,SWANNL2,,,N,N,N,330,25,GROSS/NET,FAST,Y,N,25,GENERATOR,,"2012/06/08 12:36:08",1.0910,"Black coal","NTNDP 2011"
D,PARTICIPANT_REGISTRATION,GENUNITS,2,TYPHOONW,,,N,N,N,22,5,NET/NET,,N,N,5,GENERATOR,,"2009/05/25 16:33:26",,,
D,PARTICIPANT_REGISTRATION,GENUNITS,2,TUMUT3-1,,,N,N,N,330,250,GROSS/NET,,N,N,300,GENERATOR,,"2011/06/28 15:55:22",,,
D,PARTICIPANT_REGISTRATION,GENUNITS,2,TUMUT3-2,,,N,N,N,330,250,GROSS/NET,,N,N,300,GENERATOR,,"2011/06/28 15:55:22",,,
D,PARTICIPANT_REGISTRATION,GENUNITS,2,TUMUT3-4,,,N,N,N,330,250,GROSS/NET,,N,N,300,GENERATOR,,"2011/06/28 15:55:22",,,
D,PARTICIPANT_REGISTRATION,GENUNITS,2,MURR2-4,,,N,N,N,330,138,GROSS/NET,,N,N,202,GENERATOR,,"2011/06/28 15:55:21",,,
D,PARTICIPANT_REGISTRATION,GENUNITS,2,MURR1-1,,,N,N,N,330,95,GROSS/NET,,N,N,95,GENERATOR,,"2011/06/28 15:55:21",,,
D,PARTICIPANT_REGISTRATION,GENUNITS,2,MURR1-5,,,N,N,N,330,95,GROSS/NET,,N,N,95,GENERATOR,,"2011/06/28 15:55:21",,,
D,PARTICIPANT_REGISTRATION,GENUNITS,2,MURR2-2,,,N,N,N,330,138,GROSS/NET,,N,N,138,GENERATOR,,"2011/06/28 15:55:21",,,
D,PARTICIPANT_REGISTRATION,GENUNITS,2,TUMUT1-4,,,N,N,N,330,82,GROSS/NET,,N,N,82,GENERATOR,,"2011/06/28 15:55:22",,,
D,PARTICIPANT_REGISTRATION,GENUNITS,2,TUMUT3-3,,,N,N,N,330,250,GROSS/NET,,N,N,300,GENERATOR,,"2011/06/28 15:55:22",,,
D,PARTICIPANT_REGISTRATION,GENUNITS,2,TUMUT3-6,,,N,N,N,330,250,GROSS/NET,,N,N,300,GENERATOR,,"2011/06/28 15:55:22",,,
D,PARTICIPANT_REGISTRATION,GENUNITS,2,KRCCOGEN,,,N,N,N,11,5,GROSS/NET,,Y,N,5,GENERATOR,,"2012/06/08 12:36:28",0.68,"Natural Gas (Pipeline)","NTNDP 2011"
D,PARTICIPANT_REGISTRATION,GENUNITS,2,PMATTAEP,,,N,N,N,11,4,NET/NET,,Y,N,4,GENERATOR,,"2012/06/08 12:36:31",0.0220,"Landfill biogas methane","NTNDP 2011"
D,PARTICIPANT_REGISTRATION,GENUNITS,2,SYMEX1_1,,,N,N,N,11,5,GROSS/NET,,Y,N,5,GENERATOR,,"2012/10/04 11:19:58",0.5460,"Natural Gas (Pipeline)","Estimate - NGA 2012"
D,PARTICIPANT_REGISTRATION,GENUNITS,2,PTH01,,,N,N,N,220,320,GROSS/NET,,N,Y,360,LOAD,,"2013/08/21 17:08:20",,,
D,PARTICIPANT_REGISTRATION,GENUNITS,2,AS_NSW1,,,N,N,N,1,1,GROSS/NET,SLOW,N,N,1,LOAD,,"2014/01/30 12:28:32",,,
D,PARTICIPANT_REGISTRATION,GENUNITS,2,AMCORGR1,,,N,N,N,1,1,GROSS/NET,,Y,N,1,GENERATOR,,"2012/06/08 12:36:32",0.90,"Diesel oil","NTNDP 2014"
D,PARTICIPANT_REGISTRATION,GENUNITS,2,AMCORGR2,,,N,N,N,1,1,GROSS/NET,,Y,N,1,GENERATOR,,"2012/06/08 12:36:32",0.90,"Diesel oil","NTNDP 2014"
D,PARTICIPANT_REGISTRATION,GENUNITS,2,AMCORGR3,,,N,N,N,1,1,GROSS/NET,,Y,N,1,GENERATOR,,"2012/06/08 12:36:32",0.90,"Diesel oil","NTNDP 2014"
D,PARTICIPANT_REGISTRATION,GENUNITS,2,BANKSPT2,,,N,N,N,1,1,GROSS/NET,,Y,N,1,GENERATOR,,"2014/01/31 16:13:22",0.90,"Diesel oil","NTNDP 2014"
D,PARTICIPANT_REGISTRATION,GENUNITS,2,CALL_A_2,,,Y,N,N,132,30,GROSS/NET,SLOW,N,N,30,GENERATOR,,"2012/06/08 12:36:54",1.3280,"Black coal","NTNDP 2014"
D,PARTICIPANT_REGISTRATION,GENUNITS,2,COLNSNL1,,,N,N,N,330,25,GROSS/NET,FAST,Y,N,25,GENERATOR,,"2012/06/08 12:36:02",1.19176895,"Black coal","NTNDP 2014"
D,PARTICIPANT_REGISTRATION,GENUNITS,2,COLNSV_1,,,Y,N,N,132,30,GROSS/NET,SLOW,Y,N,31,GENERATOR,,"2012/09/06 13:59:35",1.19176895,"Black coal","NTNDP 2014"
D,PARTICIPANT_REGISTRATION,GENUNITS,2,COLNSV_2,,,Y,N,N,132,30,GROSS/NET,SLOW,Y,N,31,GENERATOR,,"2012/09/06 13:59:35",1.19176895,"Black coal","NTNDP 2014"
D,PARTICIPANT_REGISTRATION,GENUNITS,2,COLNSV_3,,,Y,N,N,132,30,GROSS/NET,SLOW,Y,N,32,GENERATOR,,"2012/09/06 13:59:35",1.19176895,"Black coal","NTNDP 2014"
D,PARTICIPANT_REGISTRATION,GENUNITS,2,COLNSV_4,,,Y,N,N,132,30,GROSS/NET,SLOW,Y,N,32,GENERATOR,,"2012/09/06 13:59:35",1.19176895,"Black coal","NTNDP 2014"
D,PARTICIPANT_REGISTRATION,GENUNITS,2,COLNSV_5,,,Y,N,N,132,66,GROSS/NET,SLOW,Y,N,66,GENERATOR,,"2012/09/06 13:59:35",1.19176895,"Black coal","NTNDP 2014"
D,PARTICIPANT_REGISTRATION,GENUNITS,2,ENERGYB1,,,Y,Y,N,275,30,GROSS/NET,SLOW,Y,N,30,GENERATOR,,"2014/01/31 16:13:23",1.64871738,"Brown coal","NTNDP 2014"
D,PARTICIPANT_REGISTRATION,GENUNITS,2,ENERGYB2,,,Y,Y,N,275,30,GROSS/NET,SLOW,Y,N,30,GENERATOR,,"2014/01/31 16:13:23",1.64871738,"Brown coal","NTNDP 2014"
D,PARTICIPANT_REGISTRATION,GENUNITS,2,ENERGYB3,,,Y,Y,N,275,30,GROSS/NET,SLOW,Y,N,30,GENERATOR,,"2014/01/31 16:13:23",1.64871738,"Brown coal","NTNDP 2014"
D,PARTICIPANT_REGISTRATION,GENUNITS,2,ENERGYB4,,,Y,Y,N,275,30,GROSS/NET,SLOW,Y,N,30,GENERATOR,,"2014/01/31 16:13:23",1.64871738,"Brown coal","NTNDP 2014"
D,PARTICIPANT_REGISTRATION,GENUNITS,2,ENERGYB5,,,Y,Y,N,275,75,GROSS/NET,SLOW,Y,N,75,GENERATOR,,"2014/01/31 16:13:23",1.64871738,"Brown coal","NTNDP 2014"
D,PARTICIPANT_REGISTRATION,GENUNITS,2,HEZ,,,N,N,N,33,29,GROSS/NET,,Y,N,29,GENERATOR,,"2012/06/08 12:36:30",0.77142857,"Diesel oil","NTNDP 2014"
D,PARTICIPANT_REGISTRATION,GENUNITS,2,HIGHBRY1,,,N,N,N,11,2,GROSS/NET,,Y,N,2,GENERATOR,,"2014/01/31 16:13:22",0.0576,"Landfill biogas methane","NTNDP 2014"
D,PARTICIPANT_REGISTRATION,GENUNITS,2,HWPNL1,,,N,N,N,330,25,GROSS/NET,FAST,Y,N,25,GENERATOR,,"2014/01/31 16:13:23",1.55800075,"Brown coal","NTNDP 2014"
D,PARTICIPANT_REGISTRATION,GENUNITS,2,HWPS1,,,Y,Y,N,220,220,GROSS/NET,SLOW,Y,N,220,GENERATOR,,"2014/01/31 16:13:23",1.55800075,"Brown coal","NTNDP 2014"
D,PARTICIPANT_REGISTRATION,GENUNITS,2,HWPS2,,,Y,Y,N,220,220,GROSS/NET,SLOW,Y,N,220,GENERATOR,,"2014/01/31 16:13:23",1.55800075,"Brown coal","NTNDP 2014"
D,PARTICIPANT_REGISTRATION,GENUNITS,2,HWPS3,,,Y,Y,N,220,200,GROSS/NET,SLOW,Y,N,220,GENERATOR,,"2014/01/31 16:13:23",1.55800075,"Brown coal","NTNDP 2014"
D,PARTICIPANT_REGISTRATION,GENUNITS,2,HWPS4,,,Y,Y,N,220,200,GROSS/NET,SLOW,Y,N,220,GENERATOR,,"2014/01/31 16:13:23",1.55800075,"Brown coal","NTNDP 2014"
D,PARTICIPANT_REGISTRATION,GENUNITS,2,HWPS5,,,Y,Y,N,220,200,GROSS/NET,SLOW,Y,N,220,GENERATOR,,"2014/01/31 16:13:23",1.55800075,"Brown coal","NTNDP 2014"
D,PARTICIPANT_REGISTRATION,GENUNITS,2,HWPS6,,,Y,Y,N,220,200,GROSS/NET,SLOW,Y,N,220,GENERATOR,,"2014/01/31 16:13:23",1.55800075,"Brown coal","NTNDP 2014"
D,PARTICIPANT_REGISTRATION,GENUNITS,2,HWPS7,,,Y,Y,N,220,200,GROSS/NET,SLOW,Y,N,220,GENERATOR,,"2014/01/31 16:13:23",1.55800075,"Brown coal","NTNDP 2014"
D,PARTICIPANT_REGISTRATION,GENUNITS,2,HWPS8,,,Y,Y,N,220,200,GROSS/NET,SLOW,Y,N,220,GENERATOR,,"2014/01/31 16:13:23",1.55800075,"Brown coal","NTNDP 2014"
D,PARTICIPANT_REGISTRATION,GENUNITS,2,MM3,,,Y,Y,N,330,300,GROSS/NET,SLOW,Y,N,310,GENERATOR,,"2014/01/31 16:13:22",1.16298701,"Black coal","NTNDP 2014"
D,PARTICIPANT_REGISTRATION,GENUNITS,2,MM4,,,Y,Y,N,330,300,GROSS/NET,SLOW,Y,N,310,GENERATOR,,"2014/01/31 16:13:22",1.16298701,"Black coal","NTNDP 2014"
D,PARTICIPANT_REGISTRATION,GENUNITS,2,MMNL1,,,N,N,N,330,25,GROSS/NET,FAST,Y,N,25,GENERATOR,,"2014/01/31 16:13:22",1.16298701,"Black coal","NTNDP 2014"
D,PARTICIPANT_REGISTRATION,GENUNITS,2,MORNL1,,,N,N,N,330,25,GROSS/NET,FAST,Y,N,25,GENERATOR,,"2014/01/31 16:13:23",1.64871738,"Brown coal","NTNDP 2014"
D,PARTICIPANT_REGISTRATION,GENUNITS,2,NPS1,,,Y,Y,N,275,265,GROSS/NET,SLOW,Y,N,273,GENERATOR,,"2014/05/14 10:45:27",1.13063506,"Brown coal","NTNDP 2014"
D,PARTICIPANT_REGISTRATION,GENUNITS,2,NPS2,,,Y,Y,N,275,265,GROSS/NET,SLOW,Y,N,273,GENERATOR,,"2014/05/14 10:45:27",1.13063506,"Brown coal","NTNDP 2014"
D,PARTICIPANT_REGISTRATION,GENUNITS,2,NPSNL1,,,N,N,N,275,100,GROSS/NET,,Y,N,100,GENERATOR,,"2014/01/31 16:13:22",1.13063506,"Brown coal","NTNDP 2014"
D,PARTICIPANT_REGISTRATION,GENUNITS,2,NPSNL2,,,N,N,N,275,100,GROSS/NET,,Y,N,100,GENERATOR,,"2014/01/31 16:13:22",1.13063506,"Brown coal","NTNDP 2014"
D,PARTICIPANT_REGISTRATION,GENUNITS,2,PLAYFB1,,,Y,Y,N,275,60,GROSS/NET,SLOW,Y,N,63,GENERATOR,,"2014/01/31 16:13:22",1.50904110,"Brown coal","NTNDP 2014"
D,PARTICIPANT_REGISTRATION,GENUNITS,2,PLAYFB2,,,Y,Y,N,275,60,GROSS/NET,SLOW,Y,N,63,GENERATOR,,"2014/01/31 16:13:22",1.50904110,"Brown coal","NTNDP 2014"
D,PARTICIPANT_REGISTRATION,GENUNITS,2,PLAYFB3,,,Y,Y,N,275,60,GROSS/NET,SLOW,Y,N,63,GENERATOR,,"2014/01/31 16:13:22",1.50904110,"Brown coal","NTNDP 2014"
D,PARTICIPANT_REGISTRATION,GENUNITS,2,PLAYFB4,,,Y,Y,N,275,60,GROSS/NET,SLOW,Y,N,63,GENERATOR,,"2014/01/31 16:13:22",1.50904110,"Brown coal","NTNDP 2014"
D,PARTICIPANT_REGISTRATION,GENUNITS,2,SUNCOAST,,,N,N,N,11,1,NET/NET,,Y,N,1,GENERATOR,,"2012/06/08 12:36:28",0.0216,"Primary solid biomass fuels","NTNDP 2014"
D,PARTICIPANT_REGISTRATION,GENUNITS,2,TEATREE1,,,N,N,N,11,1,GROSS/NET,,Y,N,1,GENERATOR,,"2014/01/31 16:13:22",0.0576,"Landfill biogas methane","NTNDP 2014"
D,PARTICIPANT_REGISTRATION,GENUNITS,2,TERMSTOR,,,N,N,N,11,2,GROSS/NET,,Y,N,2,GENERATOR,,"2012/06/08 12:36:32",0,Hydro,"NTNDP 2014"
D,PARTICIPANT_REGISTRATION,GENUNITS,2,WW7,,,Y,Y,N,330,500,GROSS/NET,SLOW,Y,N,500,GENERATOR,,"2014/01/31 16:13:22",1.03004577,"Black coal","NTNDP 2014"
D,PARTICIPANT_REGISTRATION,GENUNITS,2,WW8,,,Y,Y,N,330,500,GROSS/NET,SLOW,Y,N,500,GENERATOR,,"2014/01/31 16:13:22",1.03004577,"Black coal","NTNDP 2014"
D,PARTICIPANT_REGISTRATION,GENUNITS,2,WWNL1,,,N,N,N,330,12,GROSS/NET,FAST,Y,N,15,GENERATOR,,"2014/01/31 16:13:22",1.03004577,"Black coal","NTNDP 2014"
D,PARTICIPANT_REGISTRATION,GENUNITS,2,WWNL2,,,N,N,N,330,12,GROSS/NET,FAST,Y,N,15,GENERATOR,,"2014/01/31 16:13:22",1.03004577,"Black coal","NTNDP 2014"
D,PARTICIPANT_REGISTRATION,GENUNITS,2,APS,,,Y,Y,N,220,165,GROSS/NET,SLOW,Y,N,165,GENERATOR,,"2014/07/28 10:23:04",1.22862510,"Brown coal","NTNDP 2014"
D,PARTICIPANT_REGISTRATION,GENUNITS,2,APS1,,,N,N,N,220,1,GROSS/NET,,Y,N,1,GENERATOR,,"2014/07/28 10:23:04",1.22862510,"Brown coal","Estimate - NGA 2014"
D,PARTICIPANT_REGISTRATION,GENUNITS,2,APD02,,,N,N,N,500,290,GROSS/NET,,N,Y,290,LOAD,,"2015/06/04 11:06:47",,,
D,PARTICIPANT_REGISTRATION,GENUNITS,2,PIONEER1,,,N,N,N,66,31,NET/NET,,N,N,31,GENERATOR,,"2015/06/04 11:06:47",,,
D,PARTICIPANT_REGISTRATION,GENUNITS,2,PIONEER2,,,N,N,N,66,37,NET/NET,,N,N,37,GENERATOR,,"2015/06/04 11:06:47",,,
D,PARTICIPANT_REGISTRATION,GENUNITS,2,PORTWF,,,N,N,N,500,148,GROSS/NET,,N,N,148,GENERATOR,,"2015/06/04 11:06:47",,,
D,PARTICIPANT_REGISTRATION,GENUNITS,2,CATAGUN1,,,N,N,N,220,24,GROSS/NET,SLOW,Y,N,24,GENERATOR,,"2016/03/07 16:08:57",0.9720,"Diesel oil","Estimate - NGA 2011"
D,PARTICIPANT_REGISTRATION,GENUNITS,2,PORTLAT1,,,N,N,N,22,11,NET/NET,,Y,N,11,GENERATOR,,"2016/03/24 10:40:27",0.9720,"Diesel oil","Estimate - NGA 2015"
D,PARTICIPANT_REGISTRATION,GENUNITS,2,PORTLAT2,,,N,N,N,22,12,NET/NET,,Y,N,12,GENERATOR,,"2016/03/24 10:40:27",0.9720,"Diesel oil","Estimate - NGA 2015"
D,PARTICIPANT_REGISTRATION,GENUNITS,2,GEORGTN11,,,N,N,N,22,15,GROSS/NET,,Y,N,15,GENERATOR,,"2016/03/17 10:53:31",0.9720,"Diesel oil","Estimate - NGA 2015"
D,PARTICIPANT_REGISTRATION,GENUNITS,2,GEOGRTN21,,,N,N,N,22,15,GROSS/NET,,Y,N,15,GENERATOR,,"2016/03/17 10:53:31",0.9720,"Diesel oil","Estimate - NGA 2015"
D,PARTICIPANT_REGISTRATION,GENUNITS,2,MEADOWB21,,,N,N,N,110,24,GROSS/NET,,Y,N,24,GENERATOR,,"2016/03/17 10:54:18",0.9720,"Diesel oil","Estimate - NGA 2015"
D,PARTICIPANT_REGISTRATION,GENUNITS,2,QUERIVE2,,,N,N,N,22,24,NET/NET,,Y,N,24,GENERATOR,,"2016/04/13 15:09:12",0.9720,"Diesel oil","Estimate - NGA 2015"
D,PARTICIPANT_REGISTRATION,GENUNITS,2,QUERIVE1,,,N,N,N,22,24,NET/NET,,Y,N,24,GENERATOR,,"2016/04/13 15:09:13",0.9720,"Diesel oil","Estimate - NGA 2015"
D,PARTICIPANT_REGISTRATION,GENUNITS,2,QUERIVE3,,,N,N,N,22,12,NET/NET,,Y,N,12,GENERATOR,,"2016/05/02 15:48:51",0.9720,"Diesel oil","Estimate - NGA 2015"
D,PARTICIPANT_REGISTRATION,GENUNITS,2,BBDISEL1,,,N,N,N,110,75,NET/NET,,Y,N,75,GENERATOR,,"2016/05/10 16:12:12",0.9720,"Diesel oil","Estimate - NGA 2015"
D,PARTICIPANT_REGISTRATION,GENUNITS,2,APD01,,,N,N,N,500,450,GROSS/NET,,N,Y,509,LOAD,,"2016/10/28 12:40:01",,,
D,PARTICIPANT_REGISTRATION,GENUNITS,2,BANKSPT1,,,N,N,N,1,1,GROSS/NET,,Y,N,1,GENERATOR,,"2017/05/11 11:04:22",0.7080,"Diesel oil","Estimate - NGA 2016"
D,PARTICIPANT_REGISTRATION,GENUNITS,2,BLULAKE1,,,N,N,N,1,1,GROSS/NET,,Y,N,1,GENERATOR,,"2017/05/11 11:04:22",0.6570,"Diesel oil","Estimate - NGA 2016"
D,PARTICIPANT_REGISTRATION,GENUNITS,2,MORNW,,,N,N,N,11,1,NET/NET,,Y,N,1,GENERATOR,,"2017/05/11 11:04:22",0.06,"Landfill biogas methane","Estimate - NGA 2016"
D,PARTICIPANT_REGISTRATION,GENUNITS,2,PEDLER1,,,N,N,N,11,3,GROSS/NET,,Y,N,3,GENERATOR,,"2017/05/11 11:04:22",0.06,"Landfill biogas methane","Estimate - NGA 2016"
D,PARTICIPANT_REGISTRATION,GENUNITS,2,WYNDW,,,N,N,N,11,1,NET/NET,,Y,N,1,GENERATOR,,"2017/05/11 11:04:22",0.06,"Landfill biogas methane","Estimate - NGA 2016"
D,PARTICIPANT_REGISTRATION,GENUNITS,2,CHALLHWF,,,N,N,N,66,52,NET/NET,,Y,N,52,GENERATOR,,"2018/10/15 09:08:28",0,Wind,"NTNDP 2014"
D,PARTICIPANT_REGISTRATION,GENUNITS,2,ERGT01,,,N,N,N,11,42,GROSS/NET,,Y,N,56,GENERATOR,,"2018/10/24 09:51:11",,"Black coal","On Exclusion List"
D,PARTICIPANT_REGISTRATION,GENUNITS,2,CG2,,,N,Y,N,330,181,GROSS/NET,FAST,Y,N,181,GENERATOR,,"2018/10/24 09:51:11",,"Natural Gas (Pipeline)","On Exclusion List"
D,PARTICIPANT_REGISTRATION,GENUNITS,2,JLA02,,,Y,N,N,220,51,GROSS/NET,FAST,Y,N,65,GENERATOR,,"2018/10/24 09:51:11",,"Natural Gas (Pipeline)","On Exclusion List"
D,PARTICIPANT_REGISTRATION,GENUNITS,2,PUMP2,,,Y,N,N,275,240,GROSS/NET,FAST,Y,N,245,LOAD,,"2018/10/24 09:51:11",,Hydro,"On Exclusion List"
D,PARTICIPANT_REGISTRATION,GENUNITS,2,QPS4,,,Y,N,N,66,24,NET/NET,FAST,Y,N,25,GENERATOR,,"2018/10/24 09:51:11",,"Natural Gas (Pipeline)","On Exclusion List"
D,PARTICIPANT_REGISTRATION,GENUNITS,2,ROCHEDAL,,,N,N,N,11,4,NET/NET,,Y,N,4,GENERATOR,,"2018/10/24 09:51:11",0.0620,"Landfill biogas methane","NGA 2018"
D,PARTICIPANT_REGISTRATION,GENUNITS,2,ROWALLAN,,,N,N,N,220,11,GROSS/NET,,Y,N,11,GENERATOR,,"2018/10/24 09:51:11",,Hydro,"On Exclusion List"
D,PARTICIPANT_REGISTRATION,GENUNITS,2,CG4,,,N,Y,N,330,181,GROSS/NET,FAST,Y,N,181,GENERATOR,,"2018/10/24 09:51:11",,"Natural Gas (Pipeline)","On Exclusion List"
D,PARTICIPANT_REGISTRATION,GENUNITS,2,INVICTA,,,N,N,N,132,50,NET/NET,,Y,N,50,GENERATOR,,"2018/10/24 09:51:11",,Bagasse,"On Exclusion List"
D,PARTICIPANT_REGISTRATION,GENUNITS,2,JLA03,,,Y,N,N,220,51,GROSS/NET,FAST,Y,N,65,GENERATOR,,"2018/10/24 09:51:11",,"Natural Gas (Pipeline)","On Exclusion List"
D,PARTICIPANT_REGISTRATION,GENUNITS,2,KAREEYA3,,,Y,N,N,132,21,GROSS/NET,FAST,Y,N,21,GENERATOR,,"2018/10/24 09:51:11",,Hydro,"On Exclusion List"
D,PARTICIPANT_REGISTRATION,GENUNITS,2,TORRA2,,,Y,Y,N,275,120,GROSS/NET,SLOW,Y,N,130,GENERATOR,,"2018/10/24 09:51:11",0.708560,"Natural Gas (Pipeline)","ISP 2018"
D,PARTICIPANT_REGISTRATION,GENUNITS,2,WHIT1,,,N,N,N,11,1,NET/NET,,Y,N,1,GENERATOR,,"2018/10/24 09:51:11",0.0620,"Landfill biogas methane","NGA 2018"
D,PARTICIPANT_REGISTRATION,GENUNITS,2,AWABAREF,,,N,N,N,11,1,GROSS/NET,,Y,N,1,GENERATOR,,"2018/10/24 09:51:11",0.0620,"Landfill biogas methane","NGA 2018"
D,PARTICIPANT_REGISTRATION,GENUNITS,2,EDLRGNRD,,,N,N,N,11,2,NET/NET,,Y,N,2,GENERATOR,,"2018/10/24 09:51:11",0.0620,"Landfill biogas methane","NGA 2018"
D,PARTICIPANT_REGISTRATION,GENUNITS,2,JLA04,,,Y,N,N,220,51,GROSS/NET,FAST,Y,N,65,GENERATOR,,"2018/10/24 09:51:11",,"Natural Gas (Pipeline)","On Exclusion List"
D,PARTICIPANT_REGISTRATION,GENUNITS,2,JLB02,,,Y,N,N,220,76,GROSS/NET,FAST,Y,N,100,GENERATOR,,"2018/10/24 09:51:11",,"Natural Gas (Pipeline)","On Exclusion List"
D,PARTICIPANT_REGISTRATION,GENUNITS,2,SNUG6,,,Y,N,N,132,21,GROSS/NET,FAST,N,N,26,GENERATOR,,"2018/11/21 14:00:22",,,
D,PARTICIPANT_REGISTRATION,GENUNITS,2,VICMILL1,,,N,N,N,66,24,GROSS/NET,,N,N,24,GENERATOR,,"2018/11/21 14:00:22",,,
D,PARTICIPANT_REGISTRATION,GENUNITS,2,CALLNL4,,,N,N,N,132,30,NET/NET,,N,N,30,GENERATOR,,"2018/11/21 14:00:22",,,
D,PARTICIPANT_REGISTRATION,GENUNITS,2,QPS2,,,Y,N,N,66,24,NET/NET,FAST,Y,N,25,GENERATOR,,"2018/10/24 09:51:11",,"Natural Gas (Pipeline)","On Exclusion List"
D,PARTICIPANT_REGISTRATION,GENUNITS,2,RUBICON,,,N,N,N,22,13,GROSS/NET,SLOW,Y,N,13,GENERATOR,,"2018/10/24 09:51:11",,Hydro,"On Exclusion List"
D,PARTICIPANT_REGISTRATION,GENUNITS,2,CLOVER,,,N,N,N,66,29,GROSS/NET,FAST,Y,N,29,GENERATOR,,"2018/10/24 09:51:11",,Hydro,"On Exclusion List"
D,PARTICIPANT_REGISTRATION,GENUNITS,2,DAANDIN2,,,N,N,N,33,33,GROSS/NET,,N,N,33,GENERATOR,,"2018/10/24 09:51:11",,"Coal seam methane","Excluded NMNS"
D,PARTICIPANT_REGISTRATION,GENUNITS,2,JLB03,,,Y,N,N,220,76,GROSS/NET,FAST,Y,N,100,GENERATOR,,"2018/10/24 09:51:11",,"Natural Gas (Pipeline)","On Exclusion List"
D,PARTICIPANT_REGISTRATION,GENUNITS,2,KAREEYA4,,,Y,N,N,132,21,GROSS/NET,FAST,Y,N,22,GENERATOR,,"2018/10/24 09:51:11",,Hydro,"On Exclusion List"
D,PARTICIPANT_REGISTRATION,GENUNITS,2,PUMP1,,,Y,N,N,275,240,GROSS/NET,FAST,Y,N,245,LOAD,,"2018/10/24 09:51:11",,Hydro,"On Exclusion List"
D,PARTICIPANT_REGISTRATION,GENUNITS,2,REDBANK1,,,Y,N,N,132,150,NET/NET,SLOW,Y,N,151,GENERATOR,,"2018/10/24 09:51:11",,"Other solid fossil fuels","On Exclusion List"
D,PARTICIPANT_REGISTRATION,GENUNITS,2,SNUG5,,,Y,N,N,132,21,GROSS/NET,FAST,N,N,26,GENERATOR,,"2018/11/21 14:00:22",,,
D,PARTICIPANT_REGISTRATION,GENUNITS,2,TORRA4,,,Y,Y,N,275,120,GROSS/NET,SLOW,Y,N,130,GENERATOR,,"2018/10/24 09:51:11",0.708560,"Natural Gas (Pipeline)","ISP 2018"
D,PARTICIPANT_REGISTRATION,GENUNITS,2,JACKSGUL2,,,N,N,N,11,2,GROSS/NET,,Y,N,2,GENERATOR,,"2018/11/21 14:00:22",,,
D,PARTICIPANT_REGISTRATION,GENUNITS,2,STHBKTEC,,,N,N,N,11,1,NET/NET,,Y,N,1,GENERATOR,,"2018/10/24 09:51:11",0.9570,"Diesel oil","NGA 2018"
D,PARTICIPANT_REGISTRATION,GENUNITS,2,TVCC_ST1,,,N,Y,N,220,68,GROSS/NET,SLOW,Y,N,68,GENERATOR,,"2018/10/24 09:51:11",,"Natural Gas (Pipeline)","On Exclusion List"
D,PARTICIPANT_REGISTRATION,GENUNITS,2,BERWICK,,,N,N,N,,7,NET/NET,,N,N,7,GENERATOR,,"2018/11/21 14:00:22",,,
D,PARTICIPANT_REGISTRATION,GENUNITS,2,BRAEMG6,,,N,Y,N,275,173,GROSS/NET,FAST,Y,N,173,GENERATOR,,"2018/10/24 09:51:11",,"Coal seam methane","On Exclusion List"
D,PARTICIPANT_REGISTRATION,GENUNITS,2,BALBL1,,,N,Y,N,22,30,GROSS/NET,FAST,Y,N,30,LOAD,,"2019/01/14 14:43:38",,,
D,PARTICIPANT_REGISTRATION,GENUNITS,2,DALNTHL1,,,N,Y,N,33,30,GROSS/NET,FAST,Y,N,30,LOAD,,"2019/01/14 14:43:38",,,
D,PARTICIPANT_REGISTRATION,GENUNITS,2,GANNBL1,,,N,Y,N,33,30,GROSS/NET,FAST,Y,N,25,LOAD,,"2019/01/14 14:43:38",,,
D,PARTICIPANT_REGISTRATION,GENUNITS,2,RACOMIL1,,,N,N,N,66,48,GROSS/NET,,N,N,48,GENERATOR,,"2019/05/30 16:04:01",,,
D,PARTICIPANT_REGISTRATION,GENUNITS,2,MIDLDPS1,,,N,N,N,22,6,NET/NET,,N,N,7,GENERATOR,,"2019/05/30 16:04:02",,,
D,PARTICIPANT_REGISTRATION,GENUNITS,2,TABMILL2,,,N,N,N,66,24,GROSS/NET,,N,N,17,GENERATOR,,"2019/09/09 09:44:06",,,
D,PARTICIPANT_REGISTRATION,GENUNITS,2,VPGS4,,,Y,N,N,500,50,GROSS/NET,FAST,Y,N,60,GENERATOR,,"2018/10/24 09:51:00",0.81448250,"Natural Gas (Pipeline)",ISP2022
D,PARTICIPANT_REGISTRATION,GENUNITS,2,VPGS5,,,Y,N,N,500,50,GROSS/NET,FAST,Y,N,60,GENERATOR,,"2018/10/24 09:51:00",0.81448250,"Natural Gas (Pipeline)",ISP2022
D,PARTICIPANT_REGISTRATION,GENUNITS,2,VPGS6,,,Y,N,N,500,50,GROSS/NET,FAST,Y,N,60,GENERATOR,,"2018/10/24 09:51:00",0.81448250,"Natural Gas (Pipeline)",ISP2022
D,PARTICIPANT_REGISTRATION,GENUNITS,2,VPNL1,,,N,N,N,330,25,GROSS/NET,FAST,Y,N,25,GENERATOR,,"2018/10/24 09:51:00",0.87716580,"Black coal",ISP2022
D,PARTICIPANT_REGISTRATION,GENUNITS,2,W/HOE#1,,,Y,Y,N,275,285,GROSS/NET,FAST,Y,N,285,GENERATOR,,"2019/10/28 13:28:00",0,Hydro,ISP2022
D,PARTICIPANT_REGISTRATION,GENUNITS,2,W/HOE#2,,,Y,Y,N,275,285,GROSS/NET,FAST,Y,N,285,GENERATOR,,"2019/10/28 13:28:00",0,Hydro,ISP2022
D,PARTICIPANT_REGISTRATION,GENUNITS,2,WAGGNSF1,,,N,Y,N,66,55,GROSS/NET,SLOW,Y,N,48,GENERATOR,,"2021/06/04 16:17:00",0,Solar,ISP2022
D,PARTICIPANT_REGISTRATION,GENUNITS,2,WALGRVG1,,,N,Y,N,132,50,GROSS/NET,FAST,Y,N,50,GENERATOR,,"2021/11/22 08:57:00",0,"Battery Storage",ISP2022
D,PARTICIPANT_REGISTRATION,GENUNITS,2,WANDBG1,,,N,Y,N,132,123,GROSS/NET,FAST,Y,N,100,GENERATOR,,"2021/07/02 12:12:00",0,"Battery Storage",ISP2022
D,PARTICIPANT_REGISTRATION,GENUNITS,2,WARWSF1,,,N,N,N,33,39,GROSS/NET,SLOW,Y,N,32,GENERATOR,,"2020/09/21 11:05:00",0,Solar,ISP2022
D,PARTICIPANT_REGISTRATION,GENUNITS,2,WARWSF2,,,N,N,N,33,39,GROSS/NET,SLOW,Y,N,32,GENERATOR,,"2020/09/21 11:05:00",0,Solar,ISP2022
D,PARTICIPANT_REGISTRATION,GENUNITS,2,WATERLWF,,,N,N,N,132,130,NET/NET,SLOW,Y,N,130,GENERATOR,,"2018/10/24 09:51:00",0,Wind,ISP2022
D,PARTICIPANT_REGISTRATION,GENUNITS,2,WAUBWF01,,,N,Y,N,220,122,GROSS/NET,,Y,N,122,GENERATOR,,"2018/10/24 09:51:00",0,Wind,ISP2022
D,PARTICIPANT_REGISTRATION,GENUNITS,2,WAUBWF02,,,N,Y,N,220,71,GROSS/NET,,Y,N,71,GENERATOR,,"2018/10/24 09:51:00",0,Wind,ISP2022
D,PARTICIPANT_REGISTRATION,GENUNITS,2,WDGPH1,,,N,Y,N,275,501,GROSS/NET,SLOW,Y,N,400,GENERATOR,,"2022/07/21 16:36:00",0,Solar,ISP2022
D,PARTICIPANT_REGISTRATION,GENUNITS,2,WDGPH2,,,N,Y,N,275,252,GROSS/NET,SLOW,Y,N,201,GENERATOR,,"2021/11/15 15:05:00",0,Solar,ISP2022
D,PARTICIPANT_REGISTRATION,GENUNITS,2,WDLNGN01,,,N,N,N,11,7,GROSS/NET,,Y,N,7,GENERATOR,,"2018/10/24 09:51:00",0.08305417,"Landfill biogas methane",NGA2022
D,PARTICIPANT_REGISTRATION,GENUNITS,2,WELLSF1,,,N,N,N,132,216,GROSS/NET,SLOW,Y,N,170,GENERATOR,,"2020/10/30 13:49:00",0,Solar,ISP2022
D,PARTICIPANT_REGISTRATION,GENUNITS,2,WEMENSF1,,,N,N,N,66,97,GROSS/NET,SLOW,Y,N,88,GENERATOR,,"2019/03/01 09:37:00",0,Solar,ISP2022
D,PARTICIPANT_REGISTRATION,GENUNITS,2,WESTCBT1,,,N,N,N,1,1,GROSS/NET,,Y,N,1,GENERATOR,,"2018/10/24 09:51:00",0.79537693,"Diesel oil",NGA2022
D,PARTICIPANT_REGISTRATION,GENUNITS,2,WESTILL1,,,N,N,N,1,1,GROSS/NET,,Y,N,1,GENERATOR,,"2018/10/24 09:51:00",0.79537693,"Diesel oil",NGA2022
D,PARTICIPANT_REGISTRATION,GENUNITS,2,WESTILL2,,,N,N,N,1,1,GROSS/NET,,Y,N,1,GENERATOR,,"2018/10/24 09:51:00",0.79537693,"Diesel oil",NGA2022
D,PARTICIPANT_REGISTRATION,GENUNITS,2,WGWF1,,,N,N,N,275,119,GROSS/NET,SLOW,Y,N,119,GENERATOR,,"2018/10/24 09:51:00",0,Wind,ISP2022
D,PARTICIPANT_REGISTRATION,GENUNITS,2,WHILL1,,,N,N,N,22,12,GROSS/NET,,Y,N,12,GENERATOR,,"2018/10/24 09:51:00",0,Wind,ISP2022
D,PARTICIPANT_REGISTRATION,GENUNITS,2,WHITSF1,,,N,N,N,33,57,GROSS/NET,SLOW,Y,N,56,GENERATOR,,"2018/10/24 09:51:00",0,Solar,ISP2022
D,PARTICIPANT_REGISTRATION,GENUNITS,2,WILGAPK1,,,N,N,N,66,10,GROSS/NET,,Y,N,10,GENERATOR,,"2018/10/24 09:51:00",0.56318004,"Coal Seam Methane",NGA2022
D,PARTICIPANT_REGISTRATION,GENUNITS,2,WILGB01,,,N,N,N,66,12,GROSS/NET,,Y,N,12,GENERATOR,,"2020/04/07 10:01:00",0.56318004,"Coal seam methane",NGA2022
D,PARTICIPANT_REGISTRATION,GENUNITS,2,WILLHOV1,,,N,N,N,22,2,NET/NET,,Y,N,2,GENERATOR,,"2019/05/30 16:04:00",0,Hydro,ISP2022
D,PARTICIPANT_REGISTRATION,GENUNITS,2,WINGF1_1,,,N,N,N,11,5,GROSS/NET,,Y,N,5,GENERATOR,,"2019/05/30 16:04:00",0.08305417,"Landfill biogas methane",NGA2022
D,PARTICIPANT_REGISTRATION,GENUNITS,2,WINGF2_1,,,N,N,N,11,5,GROSS/NET,,Y,N,5,GENERATOR,,"2019/05/30 16:04:00",0.08305417,"Landfill biogas methane",NGA2022
D,PARTICIPANT_REGISTRATION,GENUNITS,2,WINTSF1,,,N,Y,N,66,107,GROSS/NET,SLOW,Y,N,85,GENERATOR,,"2021/03/26 15:03:00",0,Solar,ISP2022
D,PARTICIPANT_REGISTRATION,GENUNITS,2,WIVENSH,,,N,N,N,33,5,GROSS/NET,,Y,N,5,GENERATOR,,"2019/05/30 16:04:00",0,Hydro,ISP2022
D,PARTICIPANT_REGISTRATION,GENUNITS,2,WKIEWA1,,,Y,Y,N,220,31,GROSS/NET,FAST,Y,N,34,GENERATOR,,"2021/11/30 13:46:00",0,Hydro,ISP2022
D,PARTICIPANT_REGISTRATION,GENUNITS,2,WOLLERT1,,,N,N,N,22,7,GROSS/NET,,Y,N,7,GENERATOR,,"2019/05/30 16:04:00",0.08305417,"Landfill biogas methane",NGA2022
D,PARTICIPANT_REGISTRATION,GENUNITS,2,WONWP,,,N,N,N,22,12,NET/NET,,Y,N,12,GENERATOR,,"2018/10/24 09:51:00",0,Wind,ISP2022
D,PARTICIPANT_REGISTRATION,GENUNITS,2,WOODLWN1,,,N,N,N,330,48,NET/NET,SLOW,Y,N,48,GENERATOR,,"2018/10/24 09:51:00",0,Wind,ISP2022
D,PARTICIPANT_REGISTRATION,GENUNITS,2,MACKAYGT,,,Y,N,N,33,30,GROSS/NET,FAST,Y,N,34,GENERATOR,,"2018/10/24 09:51:11",1.04582286,"Diesel oil",ISP2020
D,PARTICIPANT_REGISTRATION,GENUNITS,2,LBBL1,,,N,Y,N,33,25,NET/NET,FAST,Y,N,25,LOAD,,"2019/10/07 09:19:49",,,
D,PARTICIPANT_REGISTRATION,GENUNITS,2,TIBG1,,,N,Y,N,275,250,GROSS/NET,FAST,Y,N,250,GENERATOR,,"2023/04/21 15:20:33",0,"Battery Storage","ISP 2020"
D,PARTICIPANT_REGISTRATION,GENUNITS,2,TIBL1,,,N,Y,N,275,250,GROSS/NET,FAST,Y,N,250,LOAD,,"2023/04/21 15:20:33",,,
D,PARTICIPANT_REGISTRATION,GENUNITS,2,RIVNBG2,,,N,Y,N,33,65,GROSS/NET,FAST,Y,N,65,GENERATOR,,"2023/05/19 15:24:08",0,"Battery Storage","ISP 2020"
D,PARTICIPANT_REGISTRATION,GENUNITS,2,RIVNBL2,,,N,N,N,33,65,GROSS/NET,FAST,Y,N,65,LOAD,,"2023/05/19 15:24:08",,,
D,PARTICIPANT_REGISTRATION,GENUNITS,2,GSWF1A,,,N,Y,N,275,209,GROSS/NET,SLOW,Y,N,201,GENERATOR,,"2023/07/07 15:04:38",0,Wind,ISP2022
D,PARTICIPANT_REGISTRATION,GENUNITS,2,RYEPARK1,,,N,Y,N,330,396,GROSS/NET,SLOW,Y,N,384,GENERATOR,,"2023/08/11 15:05:15",0,Wind,"ISP 2020"
D,PARTICIPANT_REGISTRATION,GENUNITS,2,SHOAL1,,,N,Y,N,33,54,GROSS/NET,,N,N,54,GENERATOR,,"2023/10/13 17:13:07",,,
D,PARTICIPANT_REGISTRATION,GENUNITS,2,HEZ1,,,N,Y,N,33,28,GROSS/NET,FAST,Y,N,28,GENERATOR,,"2023/10/16 15:02:05",1.27401747,"Diesel oil",ISP2022
D,PARTICIPANT_REGISTRATION,GENUNITS,2,CHBESSG1,,,N,Y,N,275,134,NET/NET,FAST,Y,N,100,GENERATOR,,"2023/11/17 15:35:46",0,"Battery Storage",ISP2022
D,PARTICIPANT_REGISTRATION,GENUNITS,2,CHBESSL1,,,N,Y,N,275,134,NET/NET,FAST,Y,N,100,LOAD,,"2023/11/17 15:35:46",,,
D,PARTICIPANT_REGISTRATION,GENUNITS,2,GSWF1B1,,,N,Y,N,275,203,GROSS/NET,SLOW,Y,N,196,GENERATOR,,"2023/11/17 15:52:20",0,Wind,ISP2022
D,PARTICIPANT_REGISTRATION,GENUNITS,2,MANNSF2,,,N,Y,N,33,37,GROSS/NET,SLOW,Y,N,29,GENERATOR,,"2023/12/08 14:08:48",0,Solar,ISP2022
D,PARTICIPANT_REGISTRATION,GENUNITS,2,REPULSE,,,N,Y,N,220,28,NET/NET,,Y,N,34,GENERATOR,,"2019/08/22 16:52:24",0,Hydro,"NTNDP 2014"
D,PARTICIPANT_REGISTRATION,GENUNITS,2,NINEWIL1,,,N,N,N,1,3,GROSS/NET,,Y,N,2,GENERATOR,,"2018/10/24 09:51:11",0.7850,"Diesel oil","NGA 2020"
D,PARTICIPANT_REGISTRATION,GENUNITS,2,REMOUNT,,,N,N,N,22,2,GROSS/NET,,Y,N,2,GENERATOR,,"2018/10/24 09:51:11",0.0830,"Landfill biogas methane","NGA 2020"
D,PARTICIPANT_REGISTRATION,GENUNITS,2,HVWWBA1L,,,N,Y,N,11,5,GROSS/NET,FAST,Y,N,4,LOAD,,"2022/04/14 12:47:40",,,
D,PARTICIPANT_REGISTRATION,GENUNITS,2,SATGN1,,,N,N,N,66,154,GROSS/NET,,Y,N,154,GENERATOR,,"2019/05/30 16:04:02",0.7850,"Diesel oil","NGA 2020"
D,PARTICIPANT_REGISTRATION,GENUNITS,2,SATGS1,,,N,N,N,66,123,GROSS/NET,FAST,Y,N,123,GENERATOR,,"2020/10/26 15:44:26",0.7850,"Diesel oil","NGA 2020"
D,PARTICIPANT_REGISTRATION,GENUNITS,2,ADPBA1G,,,N,Y,N,11,7,GROSS/NET,FAST,Y,N,6,GENERATOR,,"2021/06/25 17:15:00",0,"Battery Storage",ISP2022
D,PARTICIPANT_REGISTRATION,GENUNITS,2,ADPPV1,,,N,Y,N,11,24,GROSS/NET,SLOW,Y,N,19,GENERATOR,,"2021/11/05 14:34:00",0,Solar,ISP2022
D,PARTICIPANT_REGISTRATION,GENUNITS,2,AGLHAL,,,Y,N,N,275,217,NET/NET,FAST,Y,N,255,GENERATOR,,"2020/01/17 12:21:00",0.85674193,"Natural Gas (Pipeline)",ISP2022
D,PARTICIPANT_REGISTRATION,GENUNITS,2,AGLSOM,,,Y,Y,N,66,170,NET/NET,FAST,Y,N,170,GENERATOR,,"2018/10/24 09:51:00",0.70141977,"Natural Gas (Pipeline)",ISP2022
D,PARTICIPANT_REGISTRATION,GENUNITS,2,ANGAS1,,,Y,N,N,33,30,NET/NET,FAST,Y,N,30,GENERATOR,,"2018/10/24 09:51:00",0.69034685,"Diesel oil",ISP2022
D,PARTICIPANT_REGISTRATION,GENUNITS,2,ANGAS2,,,Y,N,N,33,20,NET/NET,FAST,Y,N,20,GENERATOR,,"2018/10/24 09:51:00",0.69034685,"Diesel oil",ISP2022
D,PARTICIPANT_REGISTRATION,GENUNITS,2,APPIN,,,N,N,N,66,55,NET/NET,,Y,N,55,GENERATOR,,"2018/10/24 09:51:00",0.56318004,"Coal seam methane",NGA2022
D,PARTICIPANT_REGISTRATION,GENUNITS,2,ARWF1_1,,,N,N,N,220,241,GROSS/NET,SLOW,Y,N,241,GENERATOR,,"2018/10/24 09:51:00",0,Wind,ISP2022
D,PARTICIPANT_REGISTRATION,GENUNITS,2,BAKING1,,,N,N,N,33,17,NET/NET,,Y,N,14,GENERATOR,,"2018/10/24 09:51:00",0,Solar,ISP2022
D,PARTICIPANT_REGISTRATION,GENUNITS,2,BALBG1,,,N,Y,N,22,30,GROSS/NET,FAST,Y,N,30,GENERATOR,,"2018/11/02 15:29:00",0,"Battery Storage",ISP2022
D,PARTICIPANT_REGISTRATION,GENUNITS,2,BALDHWF1,,,N,N,N,66,59,NET/NET,SLOW,Y,N,59,GENERATOR,,"2018/10/24 09:51:00",0,Wind,ISP2022
D,PARTICIPANT_REGISTRATION,GENUNITS,2,BALDHWF2,,,N,N,N,66,47,NET/NET,SLOW,Y,N,47,GENERATOR,,"2018/10/24 09:51:00",0,Wind,ISP2022
D,PARTICIPANT_REGISTRATION,GENUNITS,2,BANGOWF2,,,N,N,N,132,84,GROSS/NET,SLOW,Y,N,82,GENERATOR,,"2021/05/21 12:12:00",0,Wind,ISP2022
D,PARTICIPANT_REGISTRATION,GENUNITS,2,BANN1,,,N,N,N,66,50,NET/NET,SLOW,Y,N,44,GENERATOR,,"2019/01/23 10:32:00",0,Solar,ISP2022
D,PARTICIPANT_REGISTRATION,GENUNITS,2,BANN2,,,N,N,N,66,50,NET/NET,SLOW,Y,N,44,GENERATOR,,"2019/01/23 10:32:00",0,Solar,ISP2022
D,PARTICIPANT_REGISTRATION,GENUNITS,2,BAPS,,,N,N,N,220,12,GROSS/NET,,Y,N,12,GENERATOR,,"2018/10/24 09:51:00",0,Hydro,ISP2022
D,PARTICIPANT_REGISTRATION,GENUNITS,2,BARCALDN,,,Y,N,N,132,37,GROSS/NET,FAST,Y,N,37,GENERATOR,,"2018/10/24 09:51:00",3.19269103,"Natural Gas (Pipeline)",ISP2022
D,PARTICIPANT_REGISTRATION,GENUNITS,2,BARCSF1,,,N,N,N,22,10,NET/NET,,Y,N,10,GENERATOR,,"2020/09/14 10:54:00",0,Solar,ISP2022
D,PARTICIPANT_REGISTRATION,GENUNITS,2,BARCSF2,,,N,N,N,22,10,NET/NET,,Y,N,10,GENERATOR,,"2020/09/14 10:54:00",0,Solar,ISP2022
D,PARTICIPANT_REGISTRATION,GENUNITS,2,BARKIPS1,,,N,Y,N,275,211,NET/NET,FAST,Y,N,210,GENERATOR,,"2019/10/14 12:33:00",0.44155341,"Natural Gas (Pipeline)",ISP2022
D,PARTICIPANT_REGISTRATION,GENUNITS,2,BARRON-1,,,Y,N,N,132,30,GROSS/NET,FAST,Y,N,33,GENERATOR,,"2018/10/24 09:51:00",0,Hydro,ISP2022
D,PARTICIPANT_REGISTRATION,GENUNITS,2,BARRON-2,,,Y,N,N,132,30,GROSS/NET,FAST,Y,N,33,GENERATOR,,"2018/10/24 09:51:00",0,Hydro,ISP2022
D,PARTICIPANT_REGISTRATION,GENUNITS,2,BASTYAN,,,Y,Y,N,220,80,NET/NET,SLOW,Y,N,88,GENERATOR,,"2018/10/24 09:51:00",0,Hydro,ISP2022
D,PARTICIPANT_REGISTRATION,GENUNITS,2,BBASEH_1,,,N,N,N,22,1,GROSS/NET,,Y,N,1,GENERATOR,,"2018/10/24 09:51:00",0.60144457,"Natural Gas (Pipeline)",NGA2022
D,PARTICIPANT_REGISTRATION,GENUNITS,2,BBASEH_2,,,N,N,N,22,1,GROSS/NET,,Y,N,1,GENERATOR,,"2018/10/24 09:51:00",0.60144457,"Natural Gas (Pipeline)",NGA2022
D,PARTICIPANT_REGISTRATION,GENUNITS,2,BBASEH_3,,,N,N,N,22,1,GROSS/NET,,Y,N,1,GENERATOR,,"2018/10/24 09:51:00",0.79537693,"Diesel oil",NGA2022
D,PARTICIPANT_REGISTRATION,GENUNITS,2,BBTHREE1,,,N,N,N,110,35,GROSS/NET,FAST,Y,N,49,GENERATOR,,"2018/10/24 09:51:00",0.51628843,"Natural Gas (Pipeline)",ISP2022
D,PARTICIPANT_REGISTRATION,GENUNITS,2,BBTHREE2,,,N,N,N,110,35,GROSS/NET,FAST,Y,N,49,GENERATOR,,"2018/10/24 09:51:00",0.51628843,"Natural Gas (Pipeline)",ISP2022
D,PARTICIPANT_REGISTRATION,GENUNITS,2,BBTHREE3,,,N,N,N,110,35,GROSS/NET,FAST,Y,N,49,GENERATOR,,"2018/10/24 09:51:00",0.51628843,"Natural Gas (Pipeline)",ISP2022
D,PARTICIPANT_REGISTRATION,GENUNITS,2,BDL01,,,Y,N,N,66,46,GROSS/NET,FAST,Y,N,47,GENERATOR,,"2018/10/24 09:51:00",0.54795875,"Natural Gas (Pipeline)",ISP2022
D,PARTICIPANT_REGISTRATION,GENUNITS,2,BDL02,,,Y,N,N,66,46,GROSS/NET,FAST,Y,N,47,GENERATOR,,"2018/10/24 09:51:00",0.54795875,"Natural Gas (Pipeline)",ISP2022
D,PARTICIPANT_REGISTRATION,GENUNITS,2,BDONGHYD,,,N,N,N,132,19,GROSS/NET,,Y,N,19,GENERATOR,,"2018/10/24 09:51:00",0,Hydro,ISP2022
D,PARTICIPANT_REGISTRATION,GENUNITS,2,BERYLSF1,,,N,N,N,66,98,GROSS/NET,SLOW,Y,N,87,GENERATOR,,"2019/04/10 13:06:00",0,Solar,ISP2022
D,PARTICIPANT_REGISTRATION,GENUNITS,2,BLOWERNG,,,Y,N,N,132,80,GROSS/NET,SLOW,Y,N,80,GENERATOR,,"2018/10/24 09:51:00",0,Hydro,ISP2022
D,PARTICIPANT_REGISTRATION,GENUNITS,2,BLUEGSF1,,,N,Y,N,132,183,GROSS/NET,SLOW,Y,N,148,GENERATOR,,"2022/01/28 15:00:00",0,Solar,ISP2022
D,PARTICIPANT_REGISTRATION,GENUNITS,2,BLUFF,,,N,N,N,275,53,NET/NET,SLOW,Y,N,53,GENERATOR,,"2018/10/24 09:51:00",0,Wind,ISP2022
D,PARTICIPANT_REGISTRATION,GENUNITS,2,BNGSF1,,,N,N,N,132,135,GROSS/NET,SLOW,Y,N,110,GENERATOR,,"2018/10/24 09:51:00",0,Solar,ISP2022
D,PARTICIPANT_REGISTRATION,GENUNITS,2,TERALBA,,,N,N,N,33,3,NET/NET,,Y,N,3,GENERATOR,,"2018/10/24 09:51:11",0.0830,"Landfill biogas methane","NGA 2020"
D,PARTICIPANT_REGISTRATION,GENUNITS,2,TORRA1,,,Y,Y,N,275,120,GROSS/NET,SLOW,Y,N,130,GENERATOR,,"2018/10/24 09:51:11",0.708560,"Natural Gas (Pipeline)",ISP2020
D,PARTICIPANT_REGISTRATION,GENUNITS,2,BNGSF2,,,N,N,N,132,135,GROSS/NET,SLOW,Y,N,110,GENERATOR,,"2018/10/24 09:51:00",0,Solar,ISP2022
D,PARTICIPANT_REGISTRATION,GENUNITS,2,BOCORWF1,,,N,Y,N,132,113,GROSS/NET,SLOW,Y,N,113,GENERATOR,,"2018/10/24 09:51:00",0,Wind,ISP2022
D,PARTICIPANT_REGISTRATION,GENUNITS,2,BODWF1,,,N,N,N,132,113,NET/NET,SLOW,Y,N,111,GENERATOR,,"2018/10/24 09:51:00",0,Wind,ISP2022
D,PARTICIPANT_REGISTRATION,GENUNITS,2,BOGONG1,,,N,Y,N,220,74,GROSS/NET,FAST,Y,N,74,GENERATOR,,"2021/11/30 13:46:00",0,Hydro,ISP2022
D,PARTICIPANT_REGISTRATION,GENUNITS,2,BOGONG2,,,N,Y,N,220,74,GROSS/NET,FAST,Y,N,74,GENERATOR,,"2021/11/30 13:46:00",0,Hydro,ISP2022
D,PARTICIPANT_REGISTRATION,GENUNITS,2,BOLIVAR1,,,N,N,N,11,9,GROSS/NET,,Y,N,7,GENERATOR,,"2020/12/14 09:24:00",0.35664596,"Other Biofuels",NGA2022
D,PARTICIPANT_REGISTRATION,GENUNITS,2,BOLIVAR2,,,N,N,N,11,1,GROSS/NET,,Y,N,1,GENERATOR,,"2018/10/24 09:51:00",0.35664596,"Other Biofuels",NGA2022
D,PARTICIPANT_REGISTRATION,GENUNITS,2,BOLIVPS1,,,N,Y,N,66,128,NET/NET,FAST,Y,N,127,GENERATOR,,"2022/11/25 14:50:00",0.79537693,"Diesel oil",NGA2022
D,PARTICIPANT_REGISTRATION,GENUNITS,2,BOMENSF1,,,N,N,N,132,121,GROSS/NET,SLOW,Y,N,100,GENERATOR,,"2020/03/13 13:47:00",0,Solar,ISP2022
D,PARTICIPANT_REGISTRATION,GENUNITS,2,BOWWBA1G,,,N,Y,N,11,3,GROSS/NET,FAST,Y,N,2,GENERATOR,,"2022/06/03 16:53:00",0,"Battery Storage",ISP2022
D,PARTICIPANT_REGISTRATION,GENUNITS,2,BOWWPV1,,,N,N,N,11,8,GROSS/NET,SLOW,Y,N,6,GENERATOR,,"2021/11/12 15:57:00",0,Solar,ISP2022
D,PARTICIPANT_REGISTRATION,GENUNITS,2,BPLANDF1,,,N,N,N,11,2,GROSS/NET,,Y,N,2,GENERATOR,,"2018/10/24 09:51:00",0.08305417,"Landfill biogas methane",NGA2022
D,PARTICIPANT_REGISTRATION,GENUNITS,2,BRAEMAR1,,,Y,Y,N,275,168,GROSS/NET,FAST,Y,N,173,GENERATOR,,"2018/10/24 09:51:00",0.59978960,"Coal seam methane",ISP2022
D,PARTICIPANT_REGISTRATION,GENUNITS,2,BRAEMAR2,,,Y,Y,N,275,168,GROSS/NET,FAST,Y,N,188,GENERATOR,,"2020/02/20 13:08:00",0.59978960,"Coal seam methane",ISP2022
D,PARTICIPANT_REGISTRATION,GENUNITS,2,BRAEMG5,,,N,Y,N,275,173,GROSS/NET,FAST,Y,N,173,GENERATOR,,"2018/10/24 09:51:00",0.59978960,"Coal seam methane",ISP2022
D,PARTICIPANT_REGISTRATION,GENUNITS,2,BRAEMG7,,,N,Y,N,275,173,GROSS/NET,FAST,Y,N,173,GENERATOR,,"2018/10/24 09:51:00",0.59978960,"Coal seam methane",ISP2022
D,PARTICIPANT_REGISTRATION,GENUNITS,2,BROADMDW,,,N,N,N,22,5,NET/NET,,Y,N,5,GENERATOR,,"2018/10/24 09:51:00",0.08305417,"Landfill biogas methane",NGA2022
D,PARTICIPANT_REGISTRATION,GENUNITS,2,BROKENH1,,,N,N,N,22,27,GROSS/NET,SLOW,Y,N,27,GENERATOR,,"2018/10/24 09:51:00",0,Solar,ISP2022
D,PARTICIPANT_REGISTRATION,GENUNITS,2,BROKENH2,,,N,N,N,22,27,GROSS/NET,SLOW,Y,N,27,GENERATOR,,"2018/10/24 09:51:00",0,Solar,ISP2022
D,PARTICIPANT_REGISTRATION,GENUNITS,2,BROOKLYN,,,N,N,N,22,3,GROSS/NET,,Y,N,3,GENERATOR,,"2018/10/24 09:51:00",0.08305417,"Landfill biogas methane",NGA2022
D,PARTICIPANT_REGISTRATION,GENUNITS,2,BROWNMT,,,N,N,N,66,5,GROSS/NET,,Y,N,6,GENERATOR,,"2018/10/24 09:51:00",0,Hydro,ISP2022
D,PARTICIPANT_REGISTRATION,GENUNITS,2,BRYB1WF1,,,N,N,N,220,180,GROSS/NET,SLOW,Y,N,175,GENERATOR,,"2021/02/12 12:06:00",0,Wind,ISP2022
D,PARTICIPANT_REGISTRATION,GENUNITS,2,BRYB2WF2,,,N,Y,N,220,109,GROSS/NET,SLOW,Y,N,105,GENERATOR,,"2022/11/29 07:10:00",0,Wind,ISP2022
D,PARTICIPANT_REGISTRATION,GENUNITS,2,BULBESG1,,,N,Y,N,220,24,GROSS/NET,FAST,Y,N,20,GENERATOR,,"2021/06/29 14:26:00",0,"Battery Storage",ISP2022
D,PARTICIPANT_REGISTRATION,GENUNITS,2,BULGANA1,,,N,Y,N,220,98,GROSS/NET,SLOW,Y,N,98,GENERATOR,,"2021/06/29 14:26:00",0,Wind,ISP2022
D,PARTICIPANT_REGISTRATION,GENUNITS,2,BULGANA2,,,N,Y,N,220,105,GROSS/NET,SLOW,Y,N,105,GENERATOR,,"2021/06/29 14:26:00",0,Wind,ISP2022
D,PARTICIPANT_REGISTRATION,GENUNITS,2,BURRIN1,,,N,N,N,132,7,GROSS/NET,,Y,N,7,GENERATOR,,"2022/01/17 13:38:00",0,Hydro,ISP2022
D,PARTICIPANT_REGISTRATION,GENUNITS,2,BUTLERSG,,,N,N,N,110,15,NET/NET,,Y,N,15,GENERATOR,,"2018/10/24 09:51:00",0,Hydro,ISP2022
D,PARTICIPANT_REGISTRATION,GENUNITS,2,BW01,,,Y,Y,N,330,660,GROSS/NET,SLOW,Y,N,700,GENERATOR,,"2018/10/24 09:51:00",0.88937628,"Black coal",ISP2022
D,PARTICIPANT_REGISTRATION,GENUNITS,2,BW02,,,Y,Y,N,330,660,GROSS/NET,SLOW,Y,N,700,GENERATOR,,"2018/10/24 09:51:00",0.88937628,"Black coal",ISP2022
D,PARTICIPANT_REGISTRATION,GENUNITS,2,BW03,,,Y,Y,N,500,660,GROSS/NET,SLOW,Y,N,700,GENERATOR,,"2018/10/24 09:51:00",0.88937628,"Black coal",ISP2022
D,PARTICIPANT_REGISTRATION,GENUNITS,2,BW04,,,Y,Y,N,500,660,GROSS/NET,SLOW,Y,N,700,GENERATOR,,"2018/10/24 09:51:00",0.88937628,"Black coal",ISP2022
D,PARTICIPANT_REGISTRATION,GENUNITS,2,BWTR1,,,N,N,N,66,38,NET/NET,,Y,N,38,GENERATOR,,"2018/10/24 09:51:00",0.0180,Bagasse,NGA2022
D,PARTICIPANT_REGISTRATION,GENUNITS,2,CALL_B_1,,,Y,Y,N,275,350,GROSS/NET,SLOW,Y,N,385,GENERATOR,,"2018/10/24 09:51:00",0.94671509,"Black coal",ISP2022
D,PARTICIPANT_REGISTRATION,GENUNITS,2,CALL_B_2,,,Y,Y,N,275,350,GROSS/NET,SLOW,Y,N,385,GENERATOR,,"2018/10/24 09:51:00",0.94671509,"Black coal",ISP2022
D,PARTICIPANT_REGISTRATION,GENUNITS,2,CALLNL1,,,N,N,N,330,25,GROSS/NET,FAST,Y,N,25,GENERATOR,,"2018/10/24 09:51:00",0.94671509,"Black coal",ISP2022
D,PARTICIPANT_REGISTRATION,GENUNITS,2,CAPTL_WF,,,N,N,N,330,140,NET/NET,,Y,N,140,GENERATOR,,"2018/10/24 09:51:00",0,Wind,ISP2022
D,PARTICIPANT_REGISTRATION,GENUNITS,2,CATHROCK,,,N,N,N,132,66,NET/NET,SLOW,Y,N,66,GENERATOR,,"2022/01/27 10:35:00",0,Wind,ISP2022
D,PARTICIPANT_REGISTRATION,GENUNITS,2,CBWF,,,N,N,N,66,20,NET/NET,SLOW,Y,N,20,GENERATOR,,"2018/10/24 09:51:00",0,Wind,ISP2022
D,PARTICIPANT_REGISTRATION,GENUNITS,2,CBWWBA1G,,,N,Y,N,11,2,GROSS/NET,FAST,Y,N,2,GENERATOR,,"2022/07/08 16:15:00",0,"Battery Storage",ISP2022
D,PARTICIPANT_REGISTRATION,GENUNITS,2,CESF1,,,N,N,N,1,1,GROSS/NET,,Y,N,1,GENERATOR,,"2018/10/24 09:51:00",0,Solar,ISP2022
D,PARTICIPANT_REGISTRATION,GENUNITS,2,WOOLGSF1,,,N,Y,N,132,222,GROSS/NET,SLOW,Y,N,176,GENERATOR,,"2022/05/20 16:36:00",0,Solar,ISP2022
D,PARTICIPANT_REGISTRATION,GENUNITS,2,WOOLNTH1,,,N,N,N,110,140,NET/NET,,Y,N,140,GENERATOR,,"2018/10/24 09:51:00",0,Wind,ISP2022
D,PARTICIPANT_REGISTRATION,GENUNITS,2,WPWF,,,N,N,N,132,91,NET/NET,SLOW,Y,N,91,GENERATOR,,"2021/12/06 10:00:00",0,Wind,ISP2022
D,PARTICIPANT_REGISTRATION,GENUNITS,2,WRSF1,,,N,N,N,132,22,GROSS/NET,SLOW,Y,N,20,GENERATOR,,"2018/10/24 09:51:00",0,Solar,ISP2022
D,PARTICIPANT_REGISTRATION,GENUNITS,2,WRWF1,,,N,N,N,132,175,NET/NET,SLOW,Y,N,172,GENERATOR,,"2018/10/24 09:51:00",0,Wind,ISP2022
D,PARTICIPANT_REGISTRATION,GENUNITS,2,WSTWYSF1,,,N,Y,N,132,105,GROSS/NET,SLOW,Y,N,90,GENERATOR,,"2022/09/21 15:13:00",0,Solar,ISP2022
D,PARTICIPANT_REGISTRATION,GENUNITS,2,WYA252B1,,,N,N,N,11,25,NET/NET,,Y,N,30,GENERATOR,,"2018/10/24 09:51:00",0,Hydro,ISP2022
D,PARTICIPANT_REGISTRATION,GENUNITS,2,WYANGALA,,,N,N,N,66,20,NET/NET,,Y,N,20,GENERATOR,,"2018/10/24 09:51:00",0,Hydro,ISP2022
D,PARTICIPANT_REGISTRATION,GENUNITS,2,WYANGALB,,,N,N,N,11,4,NET/NET,,Y,N,4,GENERATOR,,"2018/10/24 09:51:00",0,Hydro,ISP2022
D,PARTICIPANT_REGISTRATION,GENUNITS,2,WYB252B1,,,N,N,N,11,25,NET/NET,,Y,N,30,GENERATOR,,"2018/10/24 09:51:00",0,Hydro,ISP2022
D,PARTICIPANT_REGISTRATION,GENUNITS,2,YABULU,,,Y,Y,N,132,160,GROSS/NET,FAST,Y,N,174,GENERATOR,,"2018/10/24 09:51:00",0.58722106,"Natural Gas (Pipeline)",ISP2022
D,PARTICIPANT_REGISTRATION,GENUNITS,2,YABULU2,,,Y,N,N,66,82,GROSS/NET,SLOW,Y,N,84,GENERATOR,,"2018/10/24 09:51:00",0.58722106,"Natural Gas (Pipeline)",ISP2022
D,PARTICIPANT_REGISTRATION,GENUNITS,2,YAMBUK,,,N,N,N,66,30,NET/NET,,Y,N,30,GENERATOR,,"2018/10/24 09:51:00",0,Wind,ISP2022
D,PARTICIPANT_REGISTRATION,GENUNITS,2,YARANSF1,,,N,N,N,110,121,GROSS/NET,SLOW,Y,N,103,GENERATOR,,"2020/01/06 10:38:00",0,Solar,ISP2022
D,PARTICIPANT_REGISTRATION,GENUNITS,2,YARWN1_1,,,N,N,N,132,154,GROSS/NET,SLOW,Y,N,180,GENERATOR,,"2018/10/24 09:51:00",0.48776109,"Natural Gas (Pipeline)",ISP2022
D,PARTICIPANT_REGISTRATION,GENUNITS,2,YATSF1,,,N,N,N,66,94,GROSS/NET,SLOW,Y,N,81,GENERATOR,,"2020/11/16 08:54:00",0,Solar,ISP2022
D,PARTICIPANT_REGISTRATION,GENUNITS,2,YAWWF,,,N,N,N,22,7,NET/NET,SLOW,Y,N,7,GENERATOR,,"2018/11/12 10:23:00",0,Wind,ISP2022
D,PARTICIPANT_REGISTRATION,GENUNITS,2,YENDWF1,,,N,N,N,66,144,GROSS/NET,SLOW,Y,N,142,GENERATOR,,"2019/06/17 15:11:00",0,Wind,ISP2022
D,PARTICIPANT_REGISTRATION,GENUNITS,2,YSWF1,,,N,N,N,66,28,NET/NET,,Y,N,28,GENERATOR,,"2018/12/28 09:01:00",0,Wind,ISP2022
D,PARTICIPANT_REGISTRATION,GENUNITS,2,YWNGAHYD,,,N,N,N,22,9,GROSS/NET,,Y,N,9,GENERATOR,,"2018/10/24 09:51:00",0,Hydro,ISP2022
D,PARTICIPANT_REGISTRATION,GENUNITS,2,YWNL1,,,N,N,N,330,25,GROSS/NET,FAST,Y,N,25,GENERATOR,,"2018/10/24 09:51:00",1.27983672,"Brown coal",ISP2022
D,PARTICIPANT_REGISTRATION,GENUNITS,2,YWPS1,,,Y,Y,N,220,360,GROSS/NET,SLOW,Y,N,380,GENERATOR,,"2018/10/24 09:51:00",1.27983672,"Brown coal",ISP2022
D,PARTICIPANT_REGISTRATION,GENUNITS,2,YWPS2,,,Y,Y,N,220,360,GROSS/NET,SLOW,Y,N,395,GENERATOR,,"2018/10/24 09:51:00",1.27983672,"Brown coal",ISP2022
D,PARTICIPANT_REGISTRATION,GENUNITS,2,YWPS3,,,Y,Y,N,220,380,GROSS/NET,SLOW,Y,N,405,GENERATOR,,"2018/10/24 09:51:00",1.27983672,"Brown coal",ISP2022
D,PARTICIPANT_REGISTRATION,GENUNITS,2,YWPS4,,,Y,Y,N,220,380,GROSS/NET,SLOW,Y,N,405,GENERATOR,,"2018/10/24 09:51:00",1.27983672,"Brown coal",ISP2022
D,PARTICIPANT_REGISTRATION,GENUNITS,2,CETHANA,,,Y,Y,N,220,85,NET/NET,SLOW,Y,N,100,GENERATOR,,"2018/10/24 09:51:00",0,Hydro,ISP2022
D,PARTICIPANT_REGISTRATION,GENUNITS,2,CG1,,,N,Y,N,330,181,GROSS/NET,FAST,Y,N,181,GENERATOR,,"2018/10/24 09:51:00",0.65883487,"Natural Gas (Pipeline)",ISP2022
D,PARTICIPANT_REGISTRATION,GENUNITS,2,CG3,,,N,Y,N,330,181,GROSS/NET,FAST,Y,N,181,GENERATOR,,"2018/10/24 09:51:00",0.65883487,"Natural Gas (Pipeline)",ISP2022
D,PARTICIPANT_REGISTRATION,GENUNITS,2,CHILDSF1,,,N,N,N,33,64,NET/NET,SLOW,Y,N,56,GENERATOR,,"2019/01/24 17:10:00",0,Solar,ISP2022
D,PARTICIPANT_REGISTRATION,GENUNITS,2,CHPSTWF1,,,N,N,N,22,6,NET/NET,,Y,N,6,GENERATOR,,"2018/10/24 09:51:00",0,Wind,ISP2022
D,PARTICIPANT_REGISTRATION,GENUNITS,2,CHYTWF1,,,N,N,N,66,57,GROSS/NET,SLOW,Y,N,57,GENERATOR,,"2020/04/24 11:44:00",0,Wind,ISP2022
D,PARTICIPANT_REGISTRATION,GENUNITS,2,CLARESF1,,,N,N,N,132,110,GROSS/NET,SLOW,Y,N,100,GENERATOR,,"2018/10/24 09:51:00",0,Solar,ISP2022
D,PARTICIPANT_REGISTRATION,GENUNITS,2,CLAYTON,,,N,N,N,22,11,GROSS/NET,,Y,N,11,GENERATOR,,"2018/10/24 09:51:00",0.08305417,"Landfill biogas methane",NGA2022
D,PARTICIPANT_REGISTRATION,GENUNITS,2,CLEMGPWF,,,N,N,N,132,57,NET/NET,SLOW,Y,N,57,GENERATOR,,"2018/10/24 09:51:00",0,Wind,ISP2022
D,PARTICIPANT_REGISTRATION,GENUNITS,2,CLERMSF1,,,N,N,N,66,92,GROSS/NET,SLOW,Y,N,75,GENERATOR,,"2019/06/17 12:20:00",0,Solar,ISP2022
D,PARTICIPANT_REGISTRATION,GENUNITS,2,CLUNY,,,N,Y,N,220,19,NET/NET,,Y,N,22,GENERATOR,,"2018/10/24 09:51:00",0,Hydro,ISP2022
D,PARTICIPANT_REGISTRATION,GENUNITS,2,CODRNGTON,,,N,N,N,66,18,NET/NET,,Y,N,18,GENERATOR,,"2018/10/24 09:51:00",0,Wind,ISP2022
D,PARTICIPANT_REGISTRATION,GENUNITS,2,COHUNSF1,,,N,N,N,22,16,GROSS/NET,SLOW,Y,N,14,GENERATOR,,"2020/12/18 13:45:00",0,Solar,ISP2022
D,PARTICIPANT_REGISTRATION,GENUNITS,2,COHUNSF2,,,N,N,N,22,15,GROSS/NET,SLOW,Y,N,13,GENERATOR,,"2020/12/18 13:45:00",0,Solar,ISP2022
D,PARTICIPANT_REGISTRATION,GENUNITS,2,COLEASF1,,,N,N,N,132,180,NET/NET,SLOW,Y,N,150,GENERATOR,,"2018/10/24 09:51:00",0,Solar,ISP2022
D,PARTICIPANT_REGISTRATION,GENUNITS,2,COLUMSF1,,,N,Y,N,132,217,GROSS/NET,SLOW,Y,N,162,GENERATOR,,"2022/06/10 11:46:00",0,Solar,ISP2022
D,PARTICIPANT_REGISTRATION,GENUNITS,2,COLWF01,,,N,Y,N,330,113,GROSS/NET,SLOW,Y,N,110,GENERATOR,,"2020/11/06 15:08:00",0,Wind,ISP2022
D,PARTICIPANT_REGISTRATION,GENUNITS,2,COLWF02,,,N,Y,N,330,113,GROSS/NET,SLOW,Y,N,109,GENERATOR,,"2020/11/06 15:08:00",0,Wind,ISP2022
D,PARTICIPANT_REGISTRATION,GENUNITS,2,CONDONG1,,,N,N,N,66,30,GROSS/NET,,Y,N,30,GENERATOR,,"2018/10/24 09:51:00",0.0180,Bagasse,NGA2022
D,PARTICIPANT_REGISTRATION,GENUNITS,2,COOPGWF1,,,N,N,N,275,227,NET/NET,SLOW,Y,N,221,GENERATOR,,"2019/06/03 09:54:00",0,Wind,ISP2022
D,PARTICIPANT_REGISTRATION,GENUNITS,2,COOPGWF2,,,N,N,N,275,225,NET/NET,SLOW,Y,N,219,GENERATOR,,"2019/06/03 09:54:00",0,Wind,ISP2022
D,PARTICIPANT_REGISTRATION,GENUNITS,2,COPTNHYD,,,N,N,N,66,23,GROSS/NET,,Y,N,23,GENERATOR,,"2018/10/24 09:51:00",0,Hydro,ISP2022
D,PARTICIPANT_REGISTRATION,GENUNITS,2,CORIO1,,,N,N,N,22,1,GROSS/NET,,Y,N,1,GENERATOR,,"2019/05/30 16:04:00",0.08305417,"Landfill biogas methane",NGA2022
D,PARTICIPANT_REGISTRATION,GENUNITS,2,CPP_3,,,Y,Y,N,275,420,GROSS/NET,SLOW,Y,N,466,GENERATOR,,"2020/10/19 14:49:00",0.91060635,"Black coal",ISP2022
D,PARTICIPANT_REGISTRATION,GENUNITS,2,CPP_4,,,Y,Y,N,275,420,GROSS/NET,SLOW,Y,N,420,GENERATOR,,"2018/10/24 09:51:00",0.91060635,"Black coal",ISP2022
D,PARTICIPANT_REGISTRATION,GENUNITS,2,CPSA1,,,N,Y,N,132,44,GROSS/NET,SLOW,Y,N,44,GENERATOR,,"2018/10/24 09:51:00",0.45850988,"Natural Gas (Pipeline)",ISP2022
D,PARTICIPANT_REGISTRATION,GENUNITS,2,CPSA2,,,N,Y,N,132,44,GROSS/NET,SLOW,Y,N,44,GENERATOR,,"2018/10/24 09:51:00",0.45850988,"Natural Gas (Pipeline)",ISP2022
D,PARTICIPANT_REGISTRATION,GENUNITS,2,CPSA3,,,N,Y,N,132,57,GROSS/NET,SLOW,Y,N,57,GENERATOR,,"2018/10/24 09:51:00",0.45850988,"Natural Gas (Pipeline)",ISP2022
D,PARTICIPANT_REGISTRATION,GENUNITS,2,CROOKWF2,,,N,N,N,330,96,GROSS/NET,SLOW,Y,N,91,GENERATOR,,"2018/10/24 09:51:00",0,Wind,ISP2022
D,PARTICIPANT_REGISTRATION,GENUNITS,2,CROWLWF1,,,N,N,N,220,79,NET/NET,SLOW,Y,N,79,GENERATOR,,"2018/11/05 13:24:00",0,Wind,ISP2022
D,PARTICIPANT_REGISTRATION,GENUNITS,2,CRURWF1,,,N,N,N,132,141,GROSS/NET,SLOW,Y,N,138,GENERATOR,,"2020/11/20 15:10:00",0,Wind,ISP2022
D,PARTICIPANT_REGISTRATION,GENUNITS,2,CRWASF1,,,N,Y,N,22,36,GROSS/NET,SLOW,Y,N,30,GENERATOR,,"2021/02/05 14:32:00",0,Solar,ISP2022
D,PARTICIPANT_REGISTRATION,GENUNITS,2,CSPVPS1,,,N,N,N,33,42,GROSS/NET,SLOW,Y,N,40,GENERATOR,,"2019/05/20 16:20:00",0,Solar,ISP2022
D,PARTICIPANT_REGISTRATION,GENUNITS,2,CTHLWF1,,,N,N,N,220,148,GROSS/NET,SLOW,Y,N,144,GENERATOR,,"2020/01/03 15:57:00",0,Wind,ISP2022
D,PARTICIPANT_REGISTRATION,GENUNITS,2,CULLRG01,,,N,N,N,132,30,NET/NET,,Y,N,30,GENERATOR,,"2018/10/24 09:51:00",0,Wind,ISP2022
D,PARTICIPANT_REGISTRATION,GENUNITS,2,DALNTH01,,,N,Y,N,33,30,GROSS/NET,FAST,Y,N,30,GENERATOR,,"2018/10/24 09:51:00",0,"Battery Storage",ISP2022
D,PARTICIPANT_REGISTRATION,GENUNITS,2,DARLSF1,,,N,N,N,132,324,GROSS/NET,SLOW,Y,N,275,GENERATOR,,"2020/08/07 11:54:00",0,Solar,ISP2022
D,PARTICIPANT_REGISTRATION,GENUNITS,2,DARTM1,,,Y,Y,N,220,150,GROSS/NET,FAST,Y,N,185,GENERATOR,,"2021/11/30 13:46:00",0,Hydro,ISP2022
D,PARTICIPANT_REGISTRATION,GENUNITS,2,TALWB1,,,N,Y,N,132,320,NET/NET,FAST,Y,N,320,GENERATOR,,"2023/10/06 15:22:15",0.45,"Natural Gas (Pipeline)","ISP 2020"
D,PARTICIPANT_REGISTRATION,GENUNITS,2,WOYWOY1,,,N,N,N,11,1,GROSS/NET,,Y,N,1,GENERATOR,,"2018/10/24 09:51:11",0.0830,"Landfill biogas methane","NGA 2020"
D,PARTICIPANT_REGISTRATION,GENUNITS,2,BURRIN2,,,N,N,N,132,7,GROSS/NET,,Y,N,7,GENERATOR,,"2022/01/17 13:38:09",0,Hydro,"ISP 2020"
D,PARTICIPANT_REGISTRATION,GENUNITS,2,BURRIN3,,,N,N,N,132,20,GROSS/NET,,Y,N,20,GENERATOR,,"2022/01/17 13:38:09",0,Hydro,"ISP 2020"
D,PARTICIPANT_REGISTRATION,GENUNITS,2,TORRA3,,,Y,Y,N,275,120,GROSS/NET,SLOW,Y,N,130,GENERATOR,,"2022/09/29 09:02:57",0.708560,"Natural Gas (Pipeline)","ISP 2020"
D,PARTICIPANT_REGISTRATION,GENUNITS,2,WALGRVL1,,,N,Y,N,132,47,GROSS/NET,FAST,Y,N,47,LOAD,,"2022/10/26 12:28:37",,,
D,PARTICIPANT_REGISTRATION,GENUNITS,2,DAYDSF1,,,N,N,N,33,79,GROSS/NET,SLOW,Y,N,71,GENERATOR,,"2018/10/24 09:51:00",0,Solar,ISP2022
D,PARTICIPANT_REGISTRATION,GENUNITS,2,DAYDSF2,,,N,N,N,33,88,GROSS/NET,SLOW,Y,N,78,GENERATOR,,"2018/10/24 09:51:00",0,Solar,ISP2022
D,PARTICIPANT_REGISTRATION,GENUNITS,2,DDPS0,,,N,Y,N,275,280,GROSS/NET,SLOW,Y,N,280,GENERATOR,,"2018/10/24 09:51:00",0.42764673,"Natural Gas (Pipeline)",ISP2022
D,PARTICIPANT_REGISTRATION,GENUNITS,2,DDPS1,,,N,Y,N,275,121,NET/NET,SLOW,Y,N,127,GENERATOR,,"2018/10/24 09:51:00",0.42764673,"Natural Gas (Pipeline)",ISP2022
D,PARTICIPANT_REGISTRATION,GENUNITS,2,DDPS2,,,N,Y,N,275,121,NET/NET,SLOW,Y,N,127,GENERATOR,,"2018/10/24 09:51:00",0.42764673,"Natural Gas (Pipeline)",ISP2022
D,PARTICIPANT_REGISTRATION,GENUNITS,2,DDPS3,,,N,Y,N,275,121,GROSS/NET,SLOW,Y,N,127,GENERATOR,,"2018/10/24 09:51:00",0.42764673,"Natural Gas (Pipeline)",ISP2022
D,PARTICIPANT_REGISTRATION,GENUNITS,2,DDSF1,,,N,N,N,275,121,NET/NET,SLOW,Y,N,108,GENERATOR,,"2018/10/24 09:51:00",0,Solar,ISP2022
D,PARTICIPANT_REGISTRATION,GENUNITS,2,DEVILS_G,,,Y,Y,N,110,60,NET/NET,SLOW,Y,N,67,GENERATOR,,"2019/08/08 11:13:00",0,Hydro,ISP2022
D,PARTICIPANT_REGISTRATION,GENUNITS,2,DIAPUR,,,N,N,N,22,8,GROSS/NET,,Y,N,7,GENERATOR,,"2021/09/23 17:05:00",0,Wind,ISP2022
D,PARTICIPANT_REGISTRATION,GENUNITS,2,DRYCGT1,,,Y,N,N,66,52,GROSS/NET,FAST,Y,N,57,GENERATOR,,"2018/10/24 09:51:00",1.03689645,"Natural Gas (Pipeline)",ISP2022
D,PARTICIPANT_REGISTRATION,GENUNITS,2,DRYCGT2,,,Y,N,N,66,52,GROSS/NET,FAST,Y,N,57,GENERATOR,,"2018/10/24 09:51:00",1.03689645,"Natural Gas (Pipeline)",ISP2022
D,PARTICIPANT_REGISTRATION,GENUNITS,2,DRYCGT3,,,Y,N,N,66,52,GROSS/NET,FAST,Y,N,57,GENERATOR,,"2018/10/24 09:51:00",1.03689645,"Natural Gas (Pipeline)",ISP2022
D,PARTICIPANT_REGISTRATION,GENUNITS,2,DRYCNL1,,,N,N,N,330,25,GROSS/NET,FAST,Y,N,25,GENERATOR,,"2018/10/24 09:51:00",1.03689645,"Natural Gas (Pipeline)",ISP2022
D,PARTICIPANT_REGISTRATION,GENUNITS,2,DRYCNL2,,,N,N,N,330,25,GROSS/NET,FAST,Y,N,25,GENERATOR,,"2018/10/24 09:51:00",1.03689645,"Natural Gas (Pipeline)",ISP2022
D,PARTICIPANT_REGISTRATION,GENUNITS,2,DUNDWF1,,,N,N,N,500,168,GROSS/NET,SLOW,Y,N,168,GENERATOR,,"2020/03/06 14:36:00",0,Wind,ISP2022
D,PARTICIPANT_REGISTRATION,GENUNITS,2,DUNDWF2,,,N,N,N,500,46,GROSS/NET,SLOW,Y,N,46,GENERATOR,,"2020/03/06 14:36:00",0,Wind,ISP2022
D,PARTICIPANT_REGISTRATION,GENUNITS,2,DUNDWF3,,,N,N,N,500,121,GROSS/NET,SLOW,Y,N,122,GENERATOR,,"2020/03/06 14:36:00",0,Wind,ISP2022
D,PARTICIPANT_REGISTRATION,GENUNITS,2,EASTCRK,,,N,N,N,11,5,GROSS/NET,,Y,N,5,GENERATOR,,"2018/10/24 09:51:00",0.08305417,"Landfill biogas methane",NGA2022
D,PARTICIPANT_REGISTRATION,GENUNITS,2,EASTCRK2,,,N,N,N,33,6,NET/NET,,Y,N,6,GENERATOR,,"2020/11/27 11:57:00",0.08305417,"Landfill biogas methane",NGA2022
D,PARTICIPANT_REGISTRATION,GENUNITS,2,EDENVSF1,,,N,Y,N,275,180,GROSS/NET,SLOW,Y,N,146,GENERATOR,,"2022/12/16 14:15:00",0,Solar,ISP2022
D,PARTICIPANT_REGISTRATION,GENUNITS,2,EILDON1,,,Y,Y,N,220,60,GROSS/NET,FAST,Y,N,60,GENERATOR,,"2021/11/30 13:46:00",0,Hydro,ISP2022
D,PARTICIPANT_REGISTRATION,GENUNITS,2,EILDON2,,,Y,Y,N,220,60,GROSS/NET,FAST,Y,N,60,GENERATOR,,"2021/11/30 13:46:00",0,Hydro,ISP2022
D,PARTICIPANT_REGISTRATION,GENUNITS,2,EILDON3,,,N,N,N,22,5,NET/NET,,Y,N,5,GENERATOR,,"2019/05/30 16:04:00",0,Hydro,ISP2022
D,PARTICIPANT_REGISTRATION,GENUNITS,2,ELAINWF1,,,N,N,N,220,83,GROSS/NET,SLOW,Y,N,82,GENERATOR,,"2020/04/03 14:34:00",0,Wind,ISP2022
D,PARTICIPANT_REGISTRATION,GENUNITS,2,EMERASF1,,,N,N,N,66,88,NET/NET,SLOW,Y,N,72,GENERATOR,,"2018/10/24 09:51:00",0,Solar,ISP2022
D,PARTICIPANT_REGISTRATION,GENUNITS,2,ER01,,,Y,Y,N,330,720,GROSS/NET,SLOW,Y,N,750,GENERATOR,,"2018/10/24 09:51:00",0.88823144,"Black coal",ISP2022
D,PARTICIPANT_REGISTRATION,GENUNITS,2,ER02,,,Y,Y,N,330,720,GROSS/NET,SLOW,Y,N,750,GENERATOR,,"2018/10/24 09:51:00",0.88823144,"Black coal",ISP2022
D,PARTICIPANT_REGISTRATION,GENUNITS,2,ER03,,,Y,Y,N,500,720,GROSS/NET,SLOW,Y,N,750,GENERATOR,,"2018/10/24 09:51:00",0.88823144,"Black coal",ISP2022
D,PARTICIPANT_REGISTRATION,GENUNITS,2,ER04,,,Y,Y,N,500,720,GROSS/NET,SLOW,Y,N,750,GENERATOR,,"2018/10/24 09:51:00",0.88823144,"Black coal",ISP2022
D,PARTICIPANT_REGISTRATION,GENUNITS,2,ERNL1,,,N,N,N,330,25,GROSS/NET,FAST,Y,N,25,GENERATOR,,"2018/10/24 09:51:00",0.88823144,"Black coal",ISP2022
D,PARTICIPANT_REGISTRATION,GENUNITS,2,FINLYSF1,,,N,N,N,132,162,GROSS/NET,SLOW,Y,N,133,GENERATOR,,"2019/07/26 16:06:00",0,Solar,ISP2022
D,PARTICIPANT_REGISTRATION,GENUNITS,2,FISHER,,,Y,Y,N,220,43,NET/NET,SLOW,Y,N,46,GENERATOR,,"2018/10/24 09:51:00",0,Hydro,ISP2022
D,PARTICIPANT_REGISTRATION,GENUNITS,2,FNWF1,,,N,N,N,22,4,GROSS/NET,,Y,N,3,GENERATOR,,"2020/07/24 15:27:00",0,Wind,ISP2022
D,PARTICIPANT_REGISTRATION,GENUNITS,2,FSWF1,,,N,N,N,22,8,GROSS/NET,,Y,N,7,GENERATOR,,"2021/03/19 15:34:00",0,Wind,ISP2022
D,PARTICIPANT_REGISTRATION,GENUNITS,2,GANGARR1,,,N,Y,N,132,162,GROSS/NET,SLOW,Y,N,120,GENERATOR,,"2021/04/09 15:03:00",0,Solar,ISP2022
D,PARTICIPANT_REGISTRATION,GENUNITS,2,GANNBG1,,,N,Y,N,33,30,GROSS/NET,FAST,Y,N,25,GENERATOR,,"2019/01/16 14:32:00",0,"Battery Storage",ISP2022
D,PARTICIPANT_REGISTRATION,GENUNITS,2,GANNSF1,,,N,N,N,33,25,GROSS/NET,SLOW,Y,N,22,GENERATOR,,"2019/01/16 14:32:00",0,Solar,ISP2022
D,PARTICIPANT_REGISTRATION,GENUNITS,2,GANNSF2,,,N,N,N,33,30,GROSS/NET,SLOW,Y,N,27,GENERATOR,,"2019/01/16 14:32:00",0,Solar,ISP2022
D,PARTICIPANT_REGISTRATION,GENUNITS,2,BRAEMAR3,,,Y,Y,N,275,168,GROSS/NET,FAST,Y,N,188,GENERATOR,,"2020/02/20 13:26:10",,"Coal seam methane","On Exclusion List"
D,PARTICIPANT_REGISTRATION,GENUNITS,2,DULAWF1,,,N,Y,N,132,180,GROSS/NET,SLOW,Y,N,173,GENERATOR,,"2023/03/31 14:06:52",0,Wind,"ISP 2020"
D,PARTICIPANT_REGISTRATION,GENUNITS,2,KEPBG1,,,N,N,N,33,2,NET/NET,,Y,N,2,GENERATOR,,"2021/06/18 16:07:17",0,"Battery Storage","Estimate - Other"
D,PARTICIPANT_REGISTRATION,GENUNITS,2,KEPBL1,,,N,N,N,33,2,NET/NET,,Y,N,2,LOAD,,"2021/06/18 16:07:17",,,
D,PARTICIPANT_REGISTRATION,GENUNITS,2,SH04,,,Y,N,N,330,80,GROSS/NET,FAST,Y,N,82,GENERATOR,,"2022/12/20 14:34:10",0,Hydro,"ISP 2020"
D,PARTICIPANT_REGISTRATION,GENUNITS,2,HBESSL1,,,N,Y,N,220,200,NET/NET,FAST,Y,N,150,LOAD,,"2023/02/03 14:55:25",,,
D,PARTICIPANT_REGISTRATION,GENUNITS,2,TB2BLOAD,,,N,Y,N,132,50,GROSS/NET,FAST,Y,N,41,LOAD,,"2023/02/24 14:11:46",,,
D,PARTICIPANT_REGISTRATION,GENUNITS,2,WANDSF1,,,N,Y,N,275,159,NET/NET,SLOW,Y,N,125,GENERATOR,,"2023/03/03 14:04:05",0,Solar,"ISP 2020"
D,PARTICIPANT_REGISTRATION,GENUNITS,2,RESS1G,,,N,Y,N,33,80,GROSS/NET,FAST,Y,N,60,GENERATOR,,"2023/05/19 15:30:48",0,"Battery Storage","ISP 2020"
D,PARTICIPANT_REGISTRATION,GENUNITS,2,RESS1L,,,N,Y,N,33,80,GROSS/NET,FAST,Y,N,60,LOAD,,"2023/05/19 15:30:48",,,
D,PARTICIPANT_REGISTRATION,GENUNITS,2,DPNTBG1,,,N,Y,N,33,25,GROSS/NET,FAST,Y,N,25,GENERATOR,,"2023/05/26 15:16:22",0,"Battery Storage",ISP2022
D,PARTICIPANT_REGISTRATION,GENUNITS,2,DPNTBL1,,,N,Y,N,33,25,GROSS/NET,FAST,Y,N,25,LOAD,,"2023/05/26 15:16:22",,,
D,PARTICIPANT_REGISTRATION,GENUNITS,2,WYASF1,,,N,Y,N,132,62,GROSS/NET,SLOW,Y,N,53,GENERATOR,,"2023/06/02 15:03:40",0,Solar,"ISP 2020"
D,PARTICIPANT_REGISTRATION,GENUNITS,2,CAPBES1G,,,N,Y,N,132,125,GROSS/NET,FAST,Y,N,100,GENERATOR,,"2023/07/21 16:16:18",0,"Battery Storage","ISP 2020"
D,PARTICIPANT_REGISTRATION,GENUNITS,2,CAPBES1L,,,N,Y,N,132,125,GROSS/NET,FAST,Y,N,100,LOAD,,"2023/07/21 16:16:18",,,
D,PARTICIPANT_REGISTRATION,GENUNITS,2,BANGOWF1,,,N,N,N,132,159,GROSS/NET,SLOW,Y,N,155,GENERATOR,,"2023/10/09 15:34:50",0,Wind,ISP2022
D,PARTICIPANT_REGISTRATION,GENUNITS,2,OSB01,,,Y,N,N,66,118,GROSS/NET,SLOW,Y,N,136,GENERATOR,,"2023/10/09 15:34:50",0.41226004,"Natural Gas (Pipeline)",ISP2022
D,PARTICIPANT_REGISTRATION,GENUNITS,2,OSB02,,,Y,N,N,66,62,GROSS/NET,SLOW,Y,N,68,GENERATOR,,"2023/10/09 15:34:50",0.41226004,"Natural Gas (Pipeline)",ISP2022
D,PARTICIPANT_REGISTRATION,GENUNITS,2,SALTCRK1,,,N,N,N,66,54,NET/NET,SLOW,Y,N,54,GENERATOR,,"2023/10/09 15:34:50",0,Wind,ISP2022
D,PARTICIPANT_REGISTRATION,GENUNITS,2,BHBG1,,,N,Y,N,22,66,GROSS/NET,FAST,Y,N,50,GENERATOR,,"2023/11/24 14:03:22",0,"Battery Storage",ISP2022
D,PARTICIPANT_REGISTRATION,GENUNITS,2,BHBL1,,,N,Y,N,22,66,GROSS/NET,FAST,Y,N,50,LOAD,,"2023/11/24 14:03:22",,,
D,PARTICIPANT_REGISTRATION,GENUNITS,2,GANNSFL1,,,N,N,N,33,1,GROSS/NET,SLOW,Y,N,1,GENERATOR,,"2019/01/16 14:32:00",0,Solar,ISP2022
D,PARTICIPANT_REGISTRATION,GENUNITS,2,GB01,,,N,N,N,22,50,GROSS/NET,,Y,N,50,GENERATOR,,"2018/10/24 09:51:00",0.60144457,"Natural Gas (Pipeline)",NGA2022
D,PARTICIPANT_REGISTRATION,GENUNITS,2,GERMCRK,,,Y,N,N,66,44,GROSS/NET,,Y,N,42,GENERATOR,,"2021/11/05 14:16:00",0.08305417,"Landfill biogas methane",NGA2022
D,PARTICIPANT_REGISTRATION,GENUNITS,2,GLADNL1,,,N,N,N,330,25,GROSS/NET,FAST,Y,N,25,GENERATOR,,"2018/10/24 09:51:00",0.95248677,"Black coal",ISP2022
D,PARTICIPANT_REGISTRATION,GENUNITS,2,GLBWNHYD,,,N,N,N,33,6,GROSS/NET,,Y,N,6,GENERATOR,,"2018/10/24 09:51:00",0,Hydro,ISP2022
D,PARTICIPANT_REGISTRATION,GENUNITS,2,GLENMAG1,,,N,N,N,22,4,NET/NET,,Y,N,4,GENERATOR,,"2019/05/30 16:04:00",0,Hydro,ISP2022
D,PARTICIPANT_REGISTRATION,GENUNITS,2,GLENNCRK,,,N,N,N,66,12,NET/NET,,Y,N,12,GENERATOR,,"2018/10/24 09:51:00",0.72583973,"Coal mine waste gas",NGA2022
D,PARTICIPANT_REGISTRATION,GENUNITS,2,GLRWNSF1,,,N,N,N,66,132,GROSS/NET,SLOW,Y,N,110,GENERATOR,,"2020/12/18 12:14:00",0,Solar,ISP2022
D,PARTICIPANT_REGISTRATION,GENUNITS,2,GNNDHSF1,,,N,Y,N,132,144,GROSS/NET,SLOW,Y,N,110,GENERATOR,,"2021/06/25 17:13:00",0,Solar,ISP2022
D,PARTICIPANT_REGISTRATION,GENUNITS,2,GOONSF1,,,N,N,N,66,85,GROSS/NET,SLOW,Y,N,69,GENERATOR,,"2020/05/11 11:08:00",0,Solar,ISP2022
D,PARTICIPANT_REGISTRATION,GENUNITS,2,GORDON,,,Y,Y,N,220,432,NET/NET,SLOW,Y,N,450,GENERATOR,,"2018/10/24 09:51:00",0,Hydro,ISP2022
D,PARTICIPANT_REGISTRATION,GENUNITS,2,GOVILLB1,,,N,N,N,11,25,NET/NET,,Y,N,30,GENERATOR,,"2018/10/24 09:51:00",0,Hydro,ISP2022
D,PARTICIPANT_REGISTRATION,GENUNITS,2,GRANGEAV,,,N,N,N,11,2,GROSS/NET,,Y,N,2,GENERATOR,,"2018/10/24 09:51:00",0.08305417,"Landfill biogas methane",NGA2022
D,PARTICIPANT_REGISTRATION,GENUNITS,2,GRANWF1,,,N,N,N,220,111,GROSS/NET,SLOW,Y,N,110,GENERATOR,,"2019/11/29 15:52:00",0,Wind,ISP2022
D,PARTICIPANT_REGISTRATION,GENUNITS,2,GRIFSF1,,,N,N,N,33,27,GROSS/NET,,Y,N,27,GENERATOR,,"2018/10/24 09:51:00",0,Solar,ISP2022
D,PARTICIPANT_REGISTRATION,GENUNITS,2,GROSV1,,,N,N,N,66,21,GROSS/NET,,Y,N,21,GENERATOR,,"2018/10/24 09:51:00",0.72583973,"Coal mine waste gas",NGA2022
D,PARTICIPANT_REGISTRATION,GENUNITS,2,GROSV2,,,N,N,N,66,15,GROSS/NET,,Y,N,15,GENERATOR,,"2019/05/30 16:04:00",0.72583973,"Coal mine waste gas",NGA2022
D,PARTICIPANT_REGISTRATION,GENUNITS,2,GSTONE1,,,Y,Y,N,275,280,GROSS/NET,SLOW,Y,N,285,GENERATOR,,"2018/10/24 09:51:00",0.95248677,"Black coal",ISP2022
D,PARTICIPANT_REGISTRATION,GENUNITS,2,GSTONE2,,,Y,Y,N,275,280,GROSS/NET,SLOW,Y,N,285,GENERATOR,,"2018/10/24 09:51:00",0.95248677,"Black coal",ISP2022
D,PARTICIPANT_REGISTRATION,GENUNITS,2,GSTONE3,,,Y,Y,N,132,280,GROSS/NET,SLOW,Y,N,285,GENERATOR,,"2018/10/24 09:51:00",0.95248677,"Black coal",ISP2022
D,PARTICIPANT_REGISTRATION,GENUNITS,2,GSTONE4,,,Y,Y,N,132,280,GROSS/NET,SLOW,Y,N,285,GENERATOR,,"2018/10/24 09:51:00",0.95248677,"Black coal",ISP2022
D,PARTICIPANT_REGISTRATION,GENUNITS,2,GSTONE5,,,Y,Y,N,275,280,GROSS/NET,SLOW,Y,N,285,GENERATOR,,"2018/10/24 09:51:00",0.95248677,"Black coal",ISP2022
D,PARTICIPANT_REGISTRATION,GENUNITS,2,GSTONE6,,,Y,Y,N,275,280,GROSS/NET,SLOW,Y,N,285,GENERATOR,,"2018/10/24 09:51:00",0.95248677,"Black coal",ISP2022
D,PARTICIPANT_REGISTRATION,GENUNITS,2,GULLRSF1,,,N,N,N,330,10,NET/NET,SLOW,Y,N,10,GENERATOR,,"2019/04/02 08:07:00",0,Solar,ISP2022
D,PARTICIPANT_REGISTRATION,GENUNITS,2,GULLRWF1,,,N,N,N,330,165,NET/NET,SLOW,Y,N,161,GENERATOR,,"2020/05/06 13:35:00",0,Wind,ISP2022
D,PARTICIPANT_REGISTRATION,GENUNITS,2,GULLRWF2,,,N,N,N,330,110,NET/NET,SLOW,Y,N,107,GENERATOR,,"2020/05/15 14:29:00",0,Wind,ISP2022
D,PARTICIPANT_REGISTRATION,GENUNITS,2,GUNNING1,,,N,N,N,132,47,GROSS/NET,SLOW,Y,N,47,GENERATOR,,"2018/10/24 09:51:00",0,Wind,ISP2022
D,PARTICIPANT_REGISTRATION,GENUNITS,2,GUTHEGA,,,Y,Y,N,132,60,GROSS/NET,FAST,Y,N,80,GENERATOR,,"2018/10/24 09:51:00",0,Hydro,ISP2022
D,PARTICIPANT_REGISTRATION,GENUNITS,2,GUTHNL1,,,N,N,N,330,25,GROSS/NET,,Y,N,30,GENERATOR,,"2018/10/24 09:51:00",0,Hydro,ISP2022
D,PARTICIPANT_REGISTRATION,GENUNITS,2,HALAMRD1,,,N,N,N,22,9,GROSS/NET,,Y,N,9,GENERATOR,,"2018/10/24 09:51:00",0.08305417,"Landfill biogas methane",NGA2022
D,PARTICIPANT_REGISTRATION,GENUNITS,2,HALLWF1,,,Y,N,N,275,95,GROSS/NET,SLOW,Y,N,95,GENERATOR,,"2018/10/24 09:51:00",0,Wind,ISP2022
D,PARTICIPANT_REGISTRATION,GENUNITS,2,HALLWF2,,,N,N,N,275,71,NET/NET,SLOW,Y,N,71,GENERATOR,,"2018/10/24 09:51:00",0,Wind,ISP2022
D,PARTICIPANT_REGISTRATION,GENUNITS,2,HAMISF1,,,N,N,N,33,57,GROSS/NET,SLOW,Y,N,56,GENERATOR,,"2018/10/24 09:51:00",0,Solar,ISP2022
D,PARTICIPANT_REGISTRATION,GENUNITS,2,HAUGHT11,,,N,N,N,275,132,GROSS/NET,SLOW,Y,N,100,GENERATOR,,"2019/05/24 16:03:00",0,Solar,ISP2022
D,PARTICIPANT_REGISTRATION,GENUNITS,2,HAYMSF1,,,N,N,N,33,57,GROSS/NET,SLOW,Y,N,50,GENERATOR,,"2018/10/24 09:51:00",0,Solar,ISP2022
D,PARTICIPANT_REGISTRATION,GENUNITS,2,HBESSG1,,,N,Y,N,220,200,NET/NET,FAST,Y,N,150,GENERATOR,,"2023/02/03 14:55:00",0,"Battery Storage",ISP2022
D,PARTICIPANT_REGISTRATION,GENUNITS,2,HDWF1,,,N,N,N,275,102,GROSS/NET,SLOW,Y,N,102,GENERATOR,,"2018/10/24 09:51:00",0,Wind,ISP2022
D,PARTICIPANT_REGISTRATION,GENUNITS,2,HDWF2,,,N,Y,N,275,102,GROSS/NET,SLOW,Y,N,102,GENERATOR,,"2018/10/24 09:51:00",0,Wind,ISP2022
D,PARTICIPANT_REGISTRATION,GENUNITS,2,HDWF3,,,N,N,N,275,112,GROSS/NET,SLOW,Y,N,109,GENERATOR,,"2018/10/24 09:51:00",0,Wind,ISP2022
D,PARTICIPANT_REGISTRATION,GENUNITS,2,L_W_CNL1,,,N,N,N,220,25,NET/NET,,Y,N,30,GENERATOR,,"2018/10/24 09:51:00",0,Hydro,ISP2022
D,PARTICIPANT_REGISTRATION,GENUNITS,2,PIBESSG1,,,N,Y,N,22,7,GROSS/NET,FAST,Y,N,5,GENERATOR,,"2023/04/06 15:02:45",0,"Battery Storage","ISP 2020"
D,PARTICIPANT_REGISTRATION,GENUNITS,2,PIBESSL1,,,N,Y,N,22,7,GROSS/NET,FAST,Y,N,5,LOAD,,"2023/04/06 15:02:45",,,
D,PARTICIPANT_REGISTRATION,GENUNITS,2,SHP01,,,N,N,N,330,40,GROSS/NET,FAST,Y,N,40,LOAD,,"2019/10/31 15:01:28",,,
D,PARTICIPANT_REGISTRATION,GENUNITS,2,SHP02,,,N,N,N,330,40,GROSS/NET,FAST,Y,N,40,LOAD,,"2019/10/31 15:01:28",,,
D,PARTICIPANT_REGISTRATION,GENUNITS,2,SHP03,,,N,N,N,330,80,GROSS/NET,FAST,Y,N,80,LOAD,,"2019/10/31 15:01:28",,,
D,PARTICIPANT_REGISTRATION,GENUNITS,2,SHP04,,,N,N,N,330,80,GROSS/NET,FAST,Y,N,80,LOAD,,"2019/10/31 15:01:28",,,
D,PARTICIPANT_REGISTRATION,GENUNITS,2,BOWWDG1,,,N,N,N,11,1,GROSS/NET,,Y,N,1,GENERATOR,,"2021/11/12 15:57:03",0.9560,"Diesel oil","Estimate - Other"
D,PARTICIPANT_REGISTRATION,GENUNITS,2,CNUNDAWF,,,N,N,N,33,46,NET/NET,SLOW,Y,N,46,GENERATOR,,"2021/12/06 09:54:27",0,Wind,"ISP 2020"
D,PARTICIPANT_REGISTRATION,GENUNITS,2,WANDBL1,,,N,Y,N,132,123,GROSS/NET,FAST,Y,N,100,LOAD,,"2021/07/02 12:12:47",,,
D,PARTICIPANT_REGISTRATION,GENUNITS,2,VBBL1,,,N,Y,N,220,360,GROSS/NET,FAST,Y,N,250,LOAD,,"2021/07/26 09:40:51",,,
D,PARTICIPANT_REGISTRATION,GENUNITS,2,HEPWIND1,,,N,N,N,22,4,NET/NET,,Y,N,4,GENERATOR,,"2018/10/24 09:51:00",0,Wind,ISP2022
D,PARTICIPANT_REGISTRATION,GENUNITS,2,HILLSTN1,,,N,Y,N,132,110,GROSS/NET,SLOW,Y,N,85,GENERATOR,,"2021/10/01 13:02:00",0,Solar,ISP2022
D,PARTICIPANT_REGISTRATION,GENUNITS,2,HLMSEW01,,,N,N,N,1,1,GROSS/NET,,Y,N,1,GENERATOR,,"2018/10/24 09:51:00",0,Hydro,ISP2022
D,PARTICIPANT_REGISTRATION,GENUNITS,2,HPRG1,,,N,Y,N,275,150,GROSS/NET,FAST,Y,N,150,GENERATOR,,"2020/06/23 16:03:00",0,"Battery Storage",ISP2022
D,PARTICIPANT_REGISTRATION,GENUNITS,2,HUGSF1,,,N,N,N,33,10,NET/NET,,Y,N,9,GENERATOR,,"2018/10/24 09:51:00",0,Solar,ISP2022
D,PARTICIPANT_REGISTRATION,GENUNITS,2,HUGSF2,,,N,N,N,33,10,NET/NET,,Y,N,9,GENERATOR,,"2018/10/24 09:51:00",0,Solar,ISP2022
D,PARTICIPANT_REGISTRATION,GENUNITS,2,HUMENSW1,,,Y,N,N,132,29,GROSS/NET,FAST,Y,N,35,GENERATOR,,"2018/10/24 09:51:00",0,Hydro,ISP2022
D,PARTICIPANT_REGISTRATION,GENUNITS,2,HUMEV1,,,Y,N,N,66,29,GROSS/NET,FAST,Y,N,35,GENERATOR,,"2018/10/24 09:51:00",0,Hydro,ISP2022
D,PARTICIPANT_REGISTRATION,GENUNITS,2,HVWWBA1G,,,N,Y,N,11,5,GROSS/NET,FAST,Y,N,4,GENERATOR,,"2022/04/14 12:47:00",0,"Battery Storage",ISP2022
D,PARTICIPANT_REGISTRATION,GENUNITS,2,HVWWPV1,,,N,Y,N,11,11,GROSS/NET,SLOW,Y,N,8,GENERATOR,,"2022/04/14 12:47:00",0,Solar,ISP2022
D,PARTICIPANT_REGISTRATION,GENUNITS,2,ICSM,,,Y,N,N,11,25,GROSS/NET,,Y,N,25,GENERATOR,,"2018/10/24 09:51:00",0.0180,Bagasse,NGA2022
D,PARTICIPANT_REGISTRATION,GENUNITS,2,JACKSGUL,,,N,N,N,11,2,GROSS/NET,,Y,N,2,GENERATOR,,"2018/10/24 09:51:00",0.08305417,"Landfill biogas methane",NGA2022
D,PARTICIPANT_REGISTRATION,GENUNITS,2,JBUTTERS,,,Y,Y,N,220,144,NET/NET,SLOW,Y,N,144,GENERATOR,,"2018/10/24 09:51:00",0,Hydro,ISP2022
D,PARTICIPANT_REGISTRATION,GENUNITS,2,JEMALNG1,,,N,N,N,66,55,GROSS/NET,SLOW,Y,N,50,GENERATOR,,"2020/11/27 15:19:00",0,Solar,ISP2022
D,PARTICIPANT_REGISTRATION,GENUNITS,2,JLA01,,,Y,N,N,220,51,GROSS/NET,FAST,Y,N,65,GENERATOR,,"2018/10/24 09:51:00",0.75490763,"Natural Gas (Pipeline)",ISP2022
D,PARTICIPANT_REGISTRATION,GENUNITS,2,JLB01,,,Y,N,N,220,76,GROSS/NET,FAST,Y,N,100,GENERATOR,,"2018/10/24 09:51:00",0.75490763,"Natural Gas (Pipeline)",ISP2022
D,PARTICIPANT_REGISTRATION,GENUNITS,2,JNDABNE1,,,N,N,N,11,1,GROSS/NET,,Y,N,1,GENERATOR,,"2018/10/24 09:51:00",0,Hydro,ISP2022
D,PARTICIPANT_REGISTRATION,GENUNITS,2,JOUNAMA1,,,N,N,N,66,14,GROSS/NET,,Y,N,14,GENERATOR,,"2018/10/24 09:51:00",0,Hydro,ISP2022
D,PARTICIPANT_REGISTRATION,GENUNITS,2,JUNEESF1,,,N,Y,N,66,36,GROSS/NET,SLOW,Y,N,30,GENERATOR,,"2021/05/21 15:13:00",0,Solar,ISP2022
D,PARTICIPANT_REGISTRATION,GENUNITS,2,KABANWF1,,,N,Y,N,275,156,GROSS/NET,SLOW,Y,N,152,GENERATOR,,"2022/09/21 15:20:00",0,Wind,ISP2022
D,PARTICIPANT_REGISTRATION,GENUNITS,2,KAREEYA1,,,Y,N,N,132,21,GROSS/NET,FAST,Y,N,22,GENERATOR,,"2018/10/24 09:51:00",0,Hydro,ISP2022
D,PARTICIPANT_REGISTRATION,GENUNITS,2,KAREEYA2,,,Y,N,N,132,21,GROSS/NET,FAST,Y,N,22,GENERATOR,,"2018/10/24 09:51:00",0,Hydro,ISP2022
D,PARTICIPANT_REGISTRATION,GENUNITS,2,KAREEYA5,,,N,N,N,132,7,GROSS/NET,,Y,N,7,GENERATOR,,"2018/10/24 09:51:00",0,Hydro,ISP2022
D,PARTICIPANT_REGISTRATION,GENUNITS,2,KARSF1,,,N,N,N,66,104,NET/NET,SLOW,Y,N,90,GENERATOR,,"2018/10/08 14:23:00",0,Solar,ISP2022
D,PARTICIPANT_REGISTRATION,GENUNITS,2,KEEPIT,,,N,N,N,66,6,GROSS/NET,,Y,N,8,GENERATOR,,"2018/10/24 09:51:00",0,Hydro,ISP2022
D,PARTICIPANT_REGISTRATION,GENUNITS,2,KEPSF1,,,N,N,N,33,16,GROSS/NET,SLOW,Y,N,15,GENERATOR,,"2021/06/18 16:07:00",0,Solar,ISP2022
D,PARTICIPANT_REGISTRATION,GENUNITS,2,KEPWF1,,,N,N,N,33,43,GROSS/NET,SLOW,Y,N,43,GENERATOR,,"2021/06/18 16:07:00",0,Wind,ISP2022
D,PARTICIPANT_REGISTRATION,GENUNITS,2,KIAMSF11,,,N,N,N,220,119,GROSS/NET,SLOW,Y,N,100,GENERATOR,,"2020/08/31 09:32:00",0,Solar,ISP2022
D,PARTICIPANT_REGISTRATION,GENUNITS,2,KIAMSF12,,,N,N,N,220,119,GROSS/NET,SLOW,Y,N,100,GENERATOR,,"2020/08/31 09:32:00",0,Solar,ISP2022
D,PARTICIPANT_REGISTRATION,GENUNITS,2,KIATAWF1,,,N,N,N,66,31,GROSS/NET,SLOW,Y,N,31,GENERATOR,,"2018/10/24 09:51:00",0,Wind,ISP2022
D,PARTICIPANT_REGISTRATION,GENUNITS,2,KPP_1,,,Y,N,N,275,744,GROSS/NET,SLOW,Y,N,787,GENERATOR,,"2023/01/06 14:18:00",0.84070278,"Black coal",ISP2022
D,PARTICIPANT_REGISTRATION,GENUNITS,2,KSP1,,,N,N,N,132,50,GROSS/NET,SLOW,Y,N,47,GENERATOR,,"2018/10/24 09:51:00",0,Solar,ISP2022
D,PARTICIPANT_REGISTRATION,GENUNITS,2,LADBROK1,,,Y,N,N,132,40,NET/NET,FAST,Y,N,50,GENERATOR,,"2018/10/24 09:51:00",0.50452499,"Natural Gas (Pipeline)",ISP2022
D,PARTICIPANT_REGISTRATION,GENUNITS,2,LADBROK2,,,Y,N,N,132,40,NET/NET,FAST,Y,N,50,GENERATOR,,"2018/10/24 09:51:00",0.50452499,"Natural Gas (Pipeline)",ISP2022
D,PARTICIPANT_REGISTRATION,GENUNITS,2,LBBG1,,,N,Y,N,33,25,NET/NET,FAST,Y,N,25,GENERATOR,,"2019/10/07 09:19:00",0,"Battery Storage",ISP2022
D,PARTICIPANT_REGISTRATION,GENUNITS,2,ADPBA1L,,,N,Y,N,11,7,GROSS/NET,FAST,Y,N,6,LOAD,,"2021/04/16 15:29:37",,,
D,PARTICIPANT_REGISTRATION,GENUNITS,2,GLENSF1,,,N,Y,N,220,126,GROSS/NET,SLOW,Y,N,102,GENERATOR,,"2023/11/17 15:29:44",0,Solar,ISP2022
D,PARTICIPANT_REGISTRATION,GENUNITS,2,QBYNBL1,,,N,Y,N,66,10,NET/NET,FAST,Y,N,10,LOAD,,"2022/07/01 16:21:35",,,
D,PARTICIPANT_REGISTRATION,GENUNITS,2,LD01,,,Y,N,N,330,500,GROSS/NET,SLOW,Y,N,550,GENERATOR,,"2018/10/24 09:51:00",0.94557459,"Black coal",ISP2022
D,PARTICIPANT_REGISTRATION,GENUNITS,2,LD02,,,Y,N,N,330,500,GROSS/NET,SLOW,Y,N,550,GENERATOR,,"2018/10/24 09:51:00",0.94557459,"Black coal",ISP2022
D,PARTICIPANT_REGISTRATION,GENUNITS,2,LD04,,,Y,N,N,330,500,GROSS/NET,SLOW,Y,N,550,GENERATOR,,"2018/10/24 09:51:00",0.94557459,"Black coal",ISP2022
D,PARTICIPANT_REGISTRATION,GENUNITS,2,LEM_WIL,,,Y,Y,N,220,82,NET/NET,SLOW,Y,N,87,GENERATOR,,"2020/11/12 16:04:00",0,Hydro,ISP2022
D,PARTICIPANT_REGISTRATION,GENUNITS,2,LGAPWF1,,,N,Y,N,275,126,GROSS/NET,SLOW,Y,N,123,GENERATOR,,"2021/12/10 11:44:00",0,Wind,ISP2022
D,PARTICIPANT_REGISTRATION,GENUNITS,2,LGAPWF2,,,N,Y,N,275,86,GROSS/NET,SLOW,Y,N,85,GENERATOR,,"2021/12/10 11:44:00",0,Wind,ISP2022
D,PARTICIPANT_REGISTRATION,GENUNITS,2,LI_WY_CA,,,Y,Y,N,220,173,NET/NET,SLOW,Y,N,192,GENERATOR,,"2021/02/17 10:32:00",0,Hydro,ISP2022
D,PARTICIPANT_REGISTRATION,GENUNITS,2,LIDDNL1,,,N,N,N,330,25,GROSS/NET,FAST,Y,N,25,GENERATOR,,"2018/10/24 09:51:00",0.94557459,"Black coal",ISP2022
D,PARTICIPANT_REGISTRATION,GENUNITS,2,LILYSF1,,,N,N,N,33,118,NET/NET,SLOW,Y,N,100,GENERATOR,,"2020/01/23 13:52:00",0,Solar,ISP2022
D,PARTICIPANT_REGISTRATION,GENUNITS,2,LIMOSF11,,,N,N,N,220,275,GROSS/NET,SLOW,Y,N,220,GENERATOR,,"2020/06/29 11:20:00",0,Solar,ISP2022
D,PARTICIPANT_REGISTRATION,GENUNITS,2,LIMOSF21,,,N,N,N,22,38,GROSS/NET,SLOW,Y,N,29,GENERATOR,,"2019/12/23 10:59:00",0,Solar,ISP2022
D,PARTICIPANT_REGISTRATION,GENUNITS,2,LK_ECHO,,,Y,N,N,110,32,NET/NET,SLOW,Y,N,34,GENERATOR,,"2018/10/24 09:51:00",0,Hydro,ISP2022
D,PARTICIPANT_REGISTRATION,GENUNITS,2,LKBONNEY2A,,,Y,N,N,33,63,GROSS/NET,SLOW,Y,N,63,GENERATOR,,"2018/10/24 09:51:00",0,Wind,ISP2022
D,PARTICIPANT_REGISTRATION,GENUNITS,2,LKBONNEY2B,,,Y,N,N,33,96,GROSS/NET,SLOW,Y,N,96,GENERATOR,,"2018/10/24 09:51:00",0,Wind,ISP2022
D,PARTICIPANT_REGISTRATION,GENUNITS,2,LKBONNY1,,,N,N,N,33,81,NET/NET,SLOW,Y,N,81,GENERATOR,,"2021/12/06 10:03:00",0,Wind,ISP2022
D,PARTICIPANT_REGISTRATION,GENUNITS,2,LKBONY3_1,,,N,Y,N,33,39,NET/NET,SLOW,Y,N,39,GENERATOR,,"2018/10/24 09:51:00",0,Wind,ISP2022
D,PARTICIPANT_REGISTRATION,GENUNITS,2,LNGS1,,,Y,Y,N,220,156,GROSS/NET,FAST,Y,N,172,GENERATOR,,"2018/10/24 09:51:00",0.59713266,"Natural Gas (Pipeline)",ISP2022
D,PARTICIPANT_REGISTRATION,GENUNITS,2,LNGS2,,,Y,Y,N,220,156,GROSS/NET,FAST,Y,N,172,GENERATOR,,"2018/10/24 09:51:00",0.59713266,"Natural Gas (Pipeline)",ISP2022
D,PARTICIPANT_REGISTRATION,GENUNITS,2,LONGFORD,,,N,N,N,66,44,GROSS/NET,,Y,N,44,GENERATOR,,"2018/10/24 09:51:00",0.60144457,"Natural Gas (Pipeline)",NGA2022
D,PARTICIPANT_REGISTRATION,GENUNITS,2,LONSDAL1,,,N,N,N,11,10,NET/NET,FAST,Y,N,10,GENERATOR,,"2018/10/24 09:51:00",0.67403994,"Diesel oil",ISP2022
D,PARTICIPANT_REGISTRATION,GENUNITS,2,LONSDAL2,,,N,N,N,11,10,NET/NET,FAST,Y,N,10,GENERATOR,,"2018/10/24 09:51:00",0.67403994,"Diesel oil",ISP2022
D,PARTICIPANT_REGISTRATION,GENUNITS,2,LOYYB1,,,Y,Y,N,500,500,GROSS/NET,SLOW,Y,N,600,GENERATOR,,"2020/10/21 13:06:00",1.11331538,"Brown coal",ISP2022
D,PARTICIPANT_REGISTRATION,GENUNITS,2,LOYYB2,,,Y,Y,N,500,500,GROSS/NET,SLOW,Y,N,600,GENERATOR,,"2019/05/29 16:16:00",1.11331538,"Brown coal",ISP2022
D,PARTICIPANT_REGISTRATION,GENUNITS,2,LRSF1,,,N,N,N,66,17,NET/NET,,Y,N,14,GENERATOR,,"2018/10/24 09:51:00",0,Solar,ISP2022
D,PARTICIPANT_REGISTRATION,GENUNITS,2,LUCAS2S2,,,N,N,N,33,5,GROSS/NET,,Y,N,5,GENERATOR,,"2018/10/24 09:51:00",0.08305417,"Landfill biogas methane",NGA2022
D,PARTICIPANT_REGISTRATION,GENUNITS,2,LUCASHGT,,,N,N,N,33,13,NET/NET,,Y,N,13,GENERATOR,,"2018/10/24 09:51:00",0.08305417,"Landfill biogas methane",NGA2022
D,PARTICIPANT_REGISTRATION,GENUNITS,2,LYA1,,,Y,Y,N,500,560,GROSS/NET,SLOW,Y,N,590,GENERATOR,,"2018/10/24 09:51:00",1.13776230,"Brown coal",ISP2022
D,PARTICIPANT_REGISTRATION,GENUNITS,2,LYA2,,,Y,Y,N,500,530,GROSS/NET,SLOW,Y,N,535,GENERATOR,,"2018/10/24 09:51:00",1.13776230,"Brown coal",ISP2022
D,PARTICIPANT_REGISTRATION,GENUNITS,2,LYA3,,,Y,Y,N,500,560,GROSS/NET,SLOW,Y,N,590,GENERATOR,,"2018/10/24 09:51:00",1.13776230,"Brown coal",ISP2022
D,PARTICIPANT_REGISTRATION,GENUNITS,2,LYA4,,,Y,Y,N,500,560,GROSS/NET,SLOW,Y,N,580,GENERATOR,,"2018/10/24 09:51:00",1.13776230,"Brown coal",ISP2022
D,PARTICIPANT_REGISTRATION,GENUNITS,2,LYNL1,,,N,N,N,330,25,GROSS/NET,FAST,Y,N,25,GENERATOR,,"2018/10/24 09:51:00",1.13776230,"Brown coal",ISP2022
D,PARTICIPANT_REGISTRATION,GENUNITS,2,MACARTH1,,,N,N,N,500,420,NET/NET,SLOW,Y,N,420,GENERATOR,,"2018/10/24 09:51:00",0,Wind,ISP2022
D,PARTICIPANT_REGISTRATION,GENUNITS,2,MACKNTSH,,,Y,Y,N,110,80,NET/NET,SLOW,Y,N,89,GENERATOR,,"2018/10/24 09:51:00",0,Hydro,ISP2022
D,PARTICIPANT_REGISTRATION,GENUNITS,2,MANSLR1,,,N,N,N,11,25,GROSS/NET,SLOW,Y,N,23,GENERATOR,,"2018/10/24 09:51:00",0,Solar,ISP2022
D,PARTICIPANT_REGISTRATION,GENUNITS,2,MANSLR2,,,N,N,N,11,25,GROSS/NET,SLOW,Y,N,23,GENERATOR,,"2018/10/24 09:51:00",0,Solar,ISP2022
D,PARTICIPANT_REGISTRATION,GENUNITS,2,MAPS2PV1,,,N,N,N,3,16,GROSS/NET,SLOW,Y,N,13,GENERATOR,,"2021/08/06 17:18:00",0,Solar,ISP2022
D,PARTICIPANT_REGISTRATION,GENUNITS,2,MAPS3PV1,,,N,N,N,3,16,GROSS/NET,SLOW,Y,N,12,GENERATOR,,"2022/04/08 16:24:00",0,Solar,ISP2022
D,PARTICIPANT_REGISTRATION,GENUNITS,2,MAROOWF1,,,N,N,N,22,6,NET/NET,SLOW,Y,N,6,GENERATOR,,"2018/10/24 09:51:00",0,Wind,ISP2022
D,PARTICIPANT_REGISTRATION,GENUNITS,2,MARYRSF1,,,N,N,N,33,33,GROSS/NET,SLOW,Y,N,27,GENERATOR,,"2020/02/21 15:39:00",0,Solar,ISP2022
D,PARTICIPANT_REGISTRATION,GENUNITS,2,AGLNOW1,,,N,N,N,11,1,NET/NET,,Y,N,1,GENERATOR,,"2018/10/24 09:51:11",0.0830,"Landfill biogas methane","NGA 2020"
D,PARTICIPANT_REGISTRATION,GENUNITS,2,AGLSITA1,,,N,N,N,11,1,GROSS/NET,,Y,N,2,GENERATOR,,"2018/10/24 09:51:11",0.0830,"Landfill biogas methane","NGA 2020"
D,PARTICIPANT_REGISTRATION,GENUNITS,2,BBASEHOS,,,N,N,N,22,1,GROSS/NET,,Y,N,1,GENERATOR,,"2018/10/24 09:51:11",0.6180,"Natural Gas (Pipeline)","NGA 2020"
D,PARTICIPANT_REGISTRATION,GENUNITS,2,WKIEWA2,,,Y,Y,N,220,31,GROSS/NET,FAST,Y,N,34,GENERATOR,,"2021/11/30 13:46:54",,,
D,PARTICIPANT_REGISTRATION,GENUNITS,2,MBAHNTH,,,N,N,N,66,63,NET/NET,,Y,N,63,GENERATOR,,"2018/10/24 09:51:00",0.72583973,"Coal mine waste gas",NGA2022
D,PARTICIPANT_REGISTRATION,GENUNITS,2,MBPS2PV1,,,N,Y,N,11,13,GROSS/NET,SLOW,Y,N,10,GENERATOR,,"2022/01/07 14:18:00",0,Solar,ISP2022
D,PARTICIPANT_REGISTRATION,GENUNITS,2,MCKAY1,,,Y,Y,N,220,53,GROSS/NET,FAST,Y,N,53,GENERATOR,,"2021/11/30 13:46:00",0,Hydro,ISP2022
D,PARTICIPANT_REGISTRATION,GENUNITS,2,MCKAY2,,,Y,Y,N,220,53,GROSS/NET,FAST,Y,N,53,GENERATOR,,"2021/11/30 13:46:00",0,Hydro,ISP2022
D,PARTICIPANT_REGISTRATION,GENUNITS,2,MCKAY3,,,Y,Y,N,220,53,GROSS/NET,FAST,Y,N,53,GENERATOR,,"2021/11/30 13:46:00",0,Hydro,ISP2022
D,PARTICIPANT_REGISTRATION,GENUNITS,2,MEADOWBK,,,Y,Y,N,110,40,NET/NET,FAST,Y,N,44,GENERATOR,,"2018/10/24 09:51:00",0,Hydro,ISP2022
D,PARTICIPANT_REGISTRATION,GENUNITS,2,MERCER01,,,N,Y,N,220,131,GROSS/NET,SLOW,Y,N,131,GENERATOR,,"2018/10/24 09:51:00",0,Wind,ISP2022
D,PARTICIPANT_REGISTRATION,GENUNITS,2,METZSF1,,,N,Y,N,132,135,GROSS/NET,SLOW,Y,N,115,GENERATOR,,"2022/03/25 17:09:00",0,Solar,ISP2022
D,PARTICIPANT_REGISTRATION,GENUNITS,2,MEWF1,,,N,N,N,275,180,NET/NET,SLOW,Y,N,178,GENERATOR,,"2018/10/24 09:51:00",0,Wind,ISP2022
D,PARTICIPANT_REGISTRATION,GENUNITS,2,MIDDLSF1,,,N,N,N,66,30,GROSS/NET,SLOW,Y,N,26,GENERATOR,,"2020/12/04 14:03:00",0,Solar,ISP2022
D,PARTICIPANT_REGISTRATION,GENUNITS,2,MINTARO,,,Y,N,N,132,90,GROSS/NET,FAST,Y,N,105,GENERATOR,,"2018/10/24 09:51:00",0.77783532,"Natural Gas (Pipeline)",ISP2022
D,PARTICIPANT_REGISTRATION,GENUNITS,2,MINTNL1,,,N,N,N,330,25,GROSS/NET,FAST,Y,N,25,GENERATOR,,"2018/10/24 09:51:00",0.77783532,"Natural Gas (Pipeline)",ISP2022
D,PARTICIPANT_REGISTRATION,GENUNITS,2,MLLFGEF1,,,N,N,N,11,4,GROSS/NET,,Y,N,4,GENERATOR,,"2022/06/24 14:52:00",0.08305417,"Landfill biogas methane",NGA2022
D,PARTICIPANT_REGISTRATION,GENUNITS,2,MLSP1,,,N,N,N,11,12,GROSS/NET,,Y,N,12,GENERATOR,,"2018/10/24 09:51:00",0,Solar,ISP2022
D,PARTICIPANT_REGISTRATION,GENUNITS,2,MLWF1,,,N,N,N,66,20,NET/NET,,Y,N,20,GENERATOR,,"2018/10/24 09:51:00",0,Wind,ISP2022
D,PARTICIPANT_REGISTRATION,GENUNITS,2,MOLNGSF1,,,N,N,N,132,36,GROSS/NET,SLOW,Y,N,30,GENERATOR,,"2020/11/06 15:05:00",0,Solar,ISP2022
D,PARTICIPANT_REGISTRATION,GENUNITS,2,MOORAWF1,,,N,Y,N,220,312,GROSS/NET,SLOW,Y,N,305,GENERATOR,,"2022/04/04 13:59:00",0,Wind,ISP2022
D,PARTICIPANT_REGISTRATION,GENUNITS,2,MORANBAH,,,N,N,N,11,13,NET/NET,,Y,N,13,GENERATOR,,"2018/10/24 09:51:00",0.56318004,"Coal seam methane",NGA2022
D,PARTICIPANT_REGISTRATION,GENUNITS,2,MOREESF1,,,N,N,N,66,57,GROSS/NET,SLOW,Y,N,56,GENERATOR,,"2019/05/30 16:04:00",0,Solar,ISP2022
D,PARTICIPANT_REGISTRATION,GENUNITS,2,MORTLK11,,,N,Y,N,500,283,NET/NET,FAST,Y,N,292,GENERATOR,,"2018/10/24 09:51:00",0.54953555,"Natural Gas (Pipeline)",ISP2022
D,PARTICIPANT_REGISTRATION,GENUNITS,2,MORTLK12,,,N,Y,N,500,283,NET/NET,FAST,Y,N,292,GENERATOR,,"2018/10/24 09:51:00",0.54953555,"Natural Gas (Pipeline)",ISP2022
D,PARTICIPANT_REGISTRATION,GENUNITS,2,MOUSF1,,,N,Y,N,132,99,GROSS/NET,SLOW,Y,N,82,GENERATOR,,"2022/10/14 12:26:00",0,Solar,ISP2022
D,PARTICIPANT_REGISTRATION,GENUNITS,2,MP1,,,Y,Y,N,330,730,GROSS/NET,SLOW,Y,N,730,GENERATOR,,"2020/12/17 15:38:00",0.84628472,"Black coal",ISP2022
D,PARTICIPANT_REGISTRATION,GENUNITS,2,MP2,,,Y,Y,N,330,700,GROSS/NET,SLOW,Y,N,700,GENERATOR,,"2018/10/24 09:51:00",0.84628472,"Black coal",ISP2022
D,PARTICIPANT_REGISTRATION,GENUNITS,2,MPNL1,,,N,N,N,330,25,GROSS/NET,FAST,Y,N,25,GENERATOR,,"2018/10/24 09:51:00",0.84628472,"Black coal",ISP2022
D,PARTICIPANT_REGISTRATION,GENUNITS,2,MPP_1,,,Y,Y,N,330,426,GROSS/NET,SLOW,Y,N,435,GENERATOR,,"2018/10/24 09:51:00",0.82963096,"Black coal",ISP2022
D,PARTICIPANT_REGISTRATION,GENUNITS,2,MPP_2,,,Y,Y,N,330,426,GROSS/NET,SLOW,Y,N,435,GENERATOR,,"2018/10/24 09:51:00",0.82963096,"Black coal",ISP2022
D,PARTICIPANT_REGISTRATION,GENUNITS,2,MRTLSWF1,,,N,Y,N,220,157,GROSS/NET,SLOW,Y,N,153,GENERATOR,,"2022/06/24 16:37:00",0,Wind,ISP2022
D,PARTICIPANT_REGISTRATION,GENUNITS,2,MSTUART1,,,Y,Y,N,132,144,GROSS/NET,FAST,Y,N,152,GENERATOR,,"2018/10/24 09:51:00",1.04160823,"Kerosene - non aviation",ISP2022
D,PARTICIPANT_REGISTRATION,GENUNITS,2,MSTUART2,,,Y,Y,N,132,144,GROSS/NET,FAST,Y,N,152,GENERATOR,,"2018/10/24 09:51:00",1.04160823,"Kerosene - non aviation",ISP2022
D,PARTICIPANT_REGISTRATION,GENUNITS,2,MSTUART3,,,N,Y,N,132,131,NET/NET,FAST,Y,N,139,GENERATOR,,"2018/10/24 09:51:00",1.04160823,"Kerosene - non aviation",ISP2022
D,PARTICIPANT_REGISTRATION,GENUNITS,2,MTGELWF1,,,N,N,N,66,69,GROSS/NET,SLOW,Y,N,66,GENERATOR,,"2018/10/24 09:51:00",0,Wind,ISP2022
D,PARTICIPANT_REGISTRATION,GENUNITS,2,MTGELWF2,,,N,N,N,66,69,GROSS/NET,SLOW,Y,N,66,GENERATOR,,"2018/10/24 09:51:00",0,Wind,ISP2022
D,PARTICIPANT_REGISTRATION,GENUNITS,2,MTMILLAR,,,N,N,N,33,70,NET/NET,SLOW,Y,N,70,GENERATOR,,"2022/01/27 10:39:00",0,Wind,ISP2022
D,PARTICIPANT_REGISTRATION,GENUNITS,2,MURAYNL1,,,N,N,N,330,25,GROSS/NET,,Y,N,30,GENERATOR,,"2018/10/24 09:51:00",0,Hydro,ISP2022
D,PARTICIPANT_REGISTRATION,GENUNITS,2,MURAYNL2,,,N,N,N,330,25,GROSS/NET,,Y,N,30,GENERATOR,,"2018/10/24 09:51:00",0,Hydro,ISP2022
D,PARTICIPANT_REGISTRATION,GENUNITS,2,MURAYNL3,,,N,N,N,330,25,GROSS/NET,,Y,N,30,GENERATOR,,"2018/10/24 09:51:00",0,Hydro,ISP2022
D,PARTICIPANT_REGISTRATION,GENUNITS,2,MURRAY,,,Y,Y,N,330,1500,GROSS/NET,FAST,Y,N,1575,GENERATOR,,"2018/10/24 09:51:00",0,Hydro,ISP2022
D,PARTICIPANT_REGISTRATION,GENUNITS,2,MUSSELR1,,,N,Y,N,110,168,NET/NET,SLOW,Y,N,168,GENERATOR,,"2018/10/24 09:51:00",0,Wind,ISP2022
D,PARTICIPANT_REGISTRATION,GENUNITS,2,MUWAWF1,,,N,N,N,220,231,GROSS/NET,SLOW,Y,N,225,GENERATOR,,"2019/03/15 15:56:00",0,Wind,ISP2022
D,PARTICIPANT_REGISTRATION,GENUNITS,2,CALL_A_4,,,Y,N,N,132,30,GROSS/NET,,Y,N,30,GENERATOR,,"2018/10/24 09:51:11",0.93134349,"Black coal",ISP2020
D,PARTICIPANT_REGISTRATION,GENUNITS,2,AVLSF1,,,N,Y,N,132,254,GROSS/NET,SLOW,Y,N,190,GENERATOR,,"2023/03/24 14:01:33",0,Solar,"ISP 2020"
D,PARTICIPANT_REGISTRATION,GENUNITS,2,BULBESL1,,,N,Y,N,220,24,GROSS/NET,FAST,Y,N,20,LOAD,,"2021/06/29 14:26:12",,,
D,PARTICIPANT_REGISTRATION,GENUNITS,2,BULBESL2,,,N,Y,N,220,24,GROSS/NET,FAST,Y,N,20,LOAD,,"2021/06/29 14:26:12",,,
D,PARTICIPANT_REGISTRATION,GENUNITS,2,MUWAWF2,,,N,Y,N,220,209,GROSS/NET,SLOW,Y,N,203,GENERATOR,,"2022/02/11 15:54:00",0,Wind,ISP2022
D,PARTICIPANT_REGISTRATION,GENUNITS,2,MWPS1PV1,,,N,N,N,3,5,GROSS/NET,SLOW,Y,N,4,GENERATOR,,"2021/02/05 15:55:00",0,Solar,ISP2022
D,PARTICIPANT_REGISTRATION,GENUNITS,2,MWPS2PV1,,,N,N,N,3,5,GROSS/NET,SLOW,Y,N,4,GENERATOR,,"2021/02/05 16:01:00",0,Solar,ISP2022
D,PARTICIPANT_REGISTRATION,GENUNITS,2,MWPS3PV1,,,N,N,N,3,7,GROSS/NET,SLOW,Y,N,6,GENERATOR,,"2020/10/23 13:23:00",0,Solar,ISP2022
D,PARTICIPANT_REGISTRATION,GENUNITS,2,MWPS4PV1,,,N,N,N,3,5,GROSS/NET,SLOW,Y,N,4,GENERATOR,,"2021/01/29 14:03:00",0,Solar,ISP2022
D,PARTICIPANT_REGISTRATION,GENUNITS,2,NASF1,,,N,N,N,11,10,GROSS/NET,,Y,N,9,GENERATOR,,"2018/10/24 09:51:00",0,Solar,ISP2022
D,PARTICIPANT_REGISTRATION,GENUNITS,2,NBHWF1,,,N,N,N,275,132,NET/NET,SLOW,Y,N,132,GENERATOR,,"2018/10/24 09:51:00",0,Wind,ISP2022
D,PARTICIPANT_REGISTRATION,GENUNITS,2,NEVERSF1,,,N,N,N,132,132,GROSS/NET,SLOW,Y,N,105,GENERATOR,,"2019/11/29 13:18:00",0,Solar,ISP2022
D,PARTICIPANT_REGISTRATION,GENUNITS,2,NEWENSF1,,,N,Y,N,330,235,GROSS/NET,SLOW,Y,N,200,GENERATOR,,"2022/12/16 16:29:00",0,Solar,ISP2022
D,PARTICIPANT_REGISTRATION,GENUNITS,2,NEWENSF2,,,N,Y,N,330,235,GROSS/NET,SLOW,Y,N,200,GENERATOR,,"2022/12/16 16:29:00",0,Solar,ISP2022
D,PARTICIPANT_REGISTRATION,GENUNITS,2,NPS,,,Y,N,N,220,500,GROSS/NET,SLOW,Y,N,510,GENERATOR,,"2019/07/23 14:38:00",0.53458196,"Natural Gas (Pipeline)",ISP2022
D,PARTICIPANT_REGISTRATION,GENUNITS,2,NUMURSF1,,,N,N,N,66,74,GROSS/NET,SLOW,Y,N,66,GENERATOR,,"2019/05/03 16:44:00",0,Solar,ISP2022
D,PARTICIPANT_REGISTRATION,GENUNITS,2,NUMURSF2,,,N,N,N,66,38,GROSS/NET,SLOW,Y,N,33,GENERATOR,,"2019/05/03 16:44:00",0,Solar,ISP2022
D,PARTICIPANT_REGISTRATION,GENUNITS,2,NYNGAN1,,,N,N,N,132,102,GROSS/NET,SLOW,Y,N,102,GENERATOR,,"2018/10/24 09:51:00",0,Solar,ISP2022
D,PARTICIPANT_REGISTRATION,GENUNITS,2,OAKEY1,,,Y,Y,N,110,141,GROSS/NET,FAST,Y,N,173,GENERATOR,,"2018/10/24 09:51:00",0.70543237,"Natural Gas (Pipeline)",ISP2022
D,PARTICIPANT_REGISTRATION,GENUNITS,2,OAKEY1SF,,,N,N,N,33,30,GROSS/NET,SLOW,Y,N,25,GENERATOR,,"2019/03/08 15:53:00",0,Solar,ISP2022
D,PARTICIPANT_REGISTRATION,GENUNITS,2,OAKEY2,,,Y,Y,N,110,141,GROSS/NET,FAST,Y,N,173,GENERATOR,,"2018/10/24 09:51:00",0.70543237,"Natural Gas (Pipeline)",ISP2022
D,PARTICIPANT_REGISTRATION,GENUNITS,2,OAKEY2SF,,,N,N,N,33,65,GROSS/NET,SLOW,Y,N,55,GENERATOR,,"2019/08/30 16:33:00",0,Solar,ISP2022
D,PARTICIPANT_REGISTRATION,GENUNITS,2,OAKLAND1,,,N,N,N,66,67,NET/NET,SLOW,Y,N,63,GENERATOR,,"2018/10/24 09:51:00",0,Wind,ISP2022
D,PARTICIPANT_REGISTRATION,GENUNITS,2,OAKY2_1,,,N,N,N,11,15,GROSS/NET,,Y,N,15,GENERATOR,,"2019/05/30 16:04:00",0.72583973,"Coal mine waste gas",NGA2022
D,PARTICIPANT_REGISTRATION,GENUNITS,2,OCPS,,,N,N,N,66,20,NET/NET,,Y,N,20,GENERATOR,,"2018/10/24 09:51:00",0.60144457,"Natural Gas (Pipeline)",NGA2022
D,PARTICIPANT_REGISTRATION,GENUNITS,2,PALOONA,,,N,Y,Y,110,33,NET/NET,,Y,N,29,GENERATOR,,"2018/10/24 09:51:00",0,Hydro,ISP2022
D,PARTICIPANT_REGISTRATION,GENUNITS,2,PAREPS1,,,N,Y,N,275,99,GROSS/NET,SLOW,Y,N,77,GENERATOR,,"2022/09/02 15:35:00",0,Solar,ISP2022
D,PARTICIPANT_REGISTRATION,GENUNITS,2,PAREPW1,,,N,Y,N,275,210,GROSS/NET,SLOW,Y,N,201,GENERATOR,,"2022/03/04 14:29:00",0,Wind,ISP2022
D,PARTICIPANT_REGISTRATION,GENUNITS,2,PARSF1,,,N,N,N,66,55,GROSS/NET,SLOW,Y,N,50,GENERATOR,,"2018/10/24 09:51:00",0,Solar,ISP2022
D,PARTICIPANT_REGISTRATION,GENUNITS,2,PINDARI,,,N,N,N,66,6,GROSS/NET,,Y,N,6,GENERATOR,,"2018/10/24 09:51:00",0,Hydro,ISP2022
D,PARTICIPANT_REGISTRATION,GENUNITS,2,PO110NL1,,,N,N,N,110,25,NET/NET,,Y,N,30,GENERATOR,,"2018/10/24 09:51:00",0,Hydro,ISP2022
D,PARTICIPANT_REGISTRATION,GENUNITS,2,DAANDINE,,,N,N,N,33,33,GROSS/NET,,Y,N,30,GENERATOR,,"2018/10/24 09:51:11",0.5630,"Coal seam methane","NGA 2020"
D,PARTICIPANT_REGISTRATION,GENUNITS,2,BOWWBA1L,,,N,Y,N,11,3,GROSS/NET,FAST,Y,N,2,LOAD,,"2022/10/26 12:29:40",,,
D,PARTICIPANT_REGISTRATION,GENUNITS,2,SLDCBLK1,,,N,Y,N,22,20,GROSS/NET,FAST,N,Y,20,LOAD,,"2022/04/01 12:52:21",,,
D,PARTICIPANT_REGISTRATION,GENUNITS,2,POR01,,,Y,N,N,132,50,GROSS/NET,FAST,Y,N,55,GENERATOR,,"2018/10/24 09:51:00",1.62028986,"Diesel oil",ISP2022
D,PARTICIPANT_REGISTRATION,GENUNITS,2,POR03,,,N,N,N,33,23,GROSS/NET,FAST,Y,N,23,GENERATOR,,"2018/10/24 09:51:00",1.62028986,"Diesel oil",ISP2022
D,PARTICIPANT_REGISTRATION,GENUNITS,2,PPGT11,,,Y,Y,N,275,160,NET/NET,SLOW,Y,N,179,GENERATOR,,"2018/10/24 09:51:00",0.39783869,"Natural Gas (Pipeline)",ISP2022
D,PARTICIPANT_REGISTRATION,GENUNITS,2,PPGT12,,,Y,Y,N,275,160,NET/NET,SLOW,Y,N,179,GENERATOR,,"2018/10/24 09:51:00",0.39783869,"Natural Gas (Pipeline)",ISP2022
D,PARTICIPANT_REGISTRATION,GENUNITS,2,PPST18,,,Y,Y,N,275,158,NET/NET,SLOW,Y,N,164,GENERATOR,,"2021/08/09 10:12:00",0.39783869,"Natural Gas (Pipeline)",ISP2022
D,PARTICIPANT_REGISTRATION,GENUNITS,2,PTINA110,,,Y,Y,N,110,100,NET/NET,SLOW,Y,N,124,GENERATOR,,"2018/10/24 09:51:00",0,Hydro,ISP2022
D,PARTICIPANT_REGISTRATION,GENUNITS,2,PTINA220,,,Y,Y,N,220,200,NET/NET,SLOW,Y,N,248,GENERATOR,,"2018/10/24 09:51:00",0,Hydro,ISP2022
D,PARTICIPANT_REGISTRATION,GENUNITS,2,QBYNBG1,,,N,Y,N,66,10,NET/NET,FAST,Y,N,10,GENERATOR,,"2022/07/01 16:21:00",0,"Battery Storage",ISP2022
D,PARTICIPANT_REGISTRATION,GENUNITS,2,QPS1,,,Y,N,N,66,29,NET/NET,FAST,Y,N,29,GENERATOR,,"2018/12/10 10:13:00",0.70420022,"Natural Gas (Pipeline)",ISP2022
D,PARTICIPANT_REGISTRATION,GENUNITS,2,QPS3,,,Y,N,N,66,24,NET/NET,FAST,Y,N,29,GENERATOR,,"2021/11/11 10:48:00",0.70420022,"Natural Gas (Pipeline)",ISP2022
D,PARTICIPANT_REGISTRATION,GENUNITS,2,QPS5,,,N,Y,N,66,128,NET/NET,FAST,Y,N,128,GENERATOR,,"2018/10/24 09:51:00",0.70420022,"Natural Gas (Pipeline)",ISP2022
D,PARTICIPANT_REGISTRATION,GENUNITS,2,REECE1,,,Y,Y,N,220,116,NET/NET,SLOW,Y,N,119,GENERATOR,,"2018/10/24 09:51:00",0,Hydro,ISP2022
D,PARTICIPANT_REGISTRATION,GENUNITS,2,REECE2,,,Y,Y,N,220,116,NET/NET,SLOW,Y,N,119,GENERATOR,,"2018/10/24 09:51:00",0,Hydro,ISP2022
D,PARTICIPANT_REGISTRATION,GENUNITS,2,ROMA_7,,,Y,N,N,132,40,NET/NET,FAST,Y,N,42,GENERATOR,,"2018/10/24 09:51:00",0.63958991,"Natural Gas (Pipeline)",ISP2022
D,PARTICIPANT_REGISTRATION,GENUNITS,2,ROMA_8,,,Y,N,N,132,40,NET/NET,FAST,Y,N,42,GENERATOR,,"2018/10/24 09:51:00",0.63958991,"Natural Gas (Pipeline)",ISP2022
D,PARTICIPANT_REGISTRATION,GENUNITS,2,ROYALLA1,,,N,N,N,11,20,GROSS/NET,,Y,N,20,GENERATOR,,"2018/10/24 09:51:00",0,Solar,ISP2022
D,PARTICIPANT_REGISTRATION,GENUNITS,2,RPCG,,,N,N,N,110,30,GROSS/NET,,Y,N,30,GENERATOR,,"2018/10/24 09:51:00",0.0230,"Biomass and industrial materials",NGA2022
D,PARTICIPANT_REGISTRATION,GENUNITS,2,RRSF1,,,N,N,N,132,128,NET/NET,SLOW,Y,N,116,GENERATOR,,"2018/10/24 09:51:00",0,Solar,ISP2022
D,PARTICIPANT_REGISTRATION,GENUNITS,2,RUGBYR1,,,N,N,N,132,83,NET/NET,SLOW,Y,N,65,GENERATOR,,"2019/05/24 16:05:00",0,Solar,ISP2022
D,PARTICIPANT_REGISTRATION,GENUNITS,2,SAPHWF1,,,N,N,N,330,270,GROSS/NET,SLOW,Y,N,270,GENERATOR,,"2018/10/24 09:51:00",0,Wind,ISP2022
D,PARTICIPANT_REGISTRATION,GENUNITS,2,SAPHWF2,,,N,N,N,330,270,GROSS/NET,SLOW,Y,N,270,GENERATOR,,"2018/10/24 09:51:00",0,Wind,ISP2022
D,PARTICIPANT_REGISTRATION,GENUNITS,2,SEBSF1,,,N,Y,N,132,110,GROSS/NET,SLOW,Y,N,90,GENERATOR,,"2021/10/29 14:04:00",0,Solar,ISP2022
D,PARTICIPANT_REGISTRATION,GENUNITS,2,SH01,,,Y,N,N,330,40,GROSS/NET,FAST,Y,N,41,GENERATOR,,"2022/12/20 14:34:00",0,Hydro,ISP2022
D,PARTICIPANT_REGISTRATION,GENUNITS,2,SH02,,,Y,N,N,330,40,GROSS/NET,FAST,Y,N,41,GENERATOR,,"2022/12/20 14:34:00",0,Hydro,ISP2022
D,PARTICIPANT_REGISTRATION,GENUNITS,2,SH03,,,Y,N,N,330,80,GROSS/NET,FAST,Y,N,82,GENERATOR,,"2022/12/20 14:34:00",0,Hydro,ISP2022
D,PARTICIPANT_REGISTRATION,GENUNITS,2,SHEP1,,,N,N,N,22,1,NET/NET,SLOW,Y,N,1,GENERATOR,,"2018/10/24 09:51:00",0.0230,"Biomass and industrial materials",NGA2022
D,PARTICIPANT_REGISTRATION,GENUNITS,2,SITHE01,,,Y,N,N,33,41,GROSS/NET,FAST,Y,N,41,GENERATOR,,"2022/08/25 13:48:00",0.72013037,"Natural Gas (Pipeline)",ISP2022
D,PARTICIPANT_REGISTRATION,GENUNITS,2,SITHE02,,,Y,N,N,33,41,GROSS/NET,FAST,Y,N,41,GENERATOR,,"2019/05/30 12:21:00",0.72013037,"Natural Gas (Pipeline)",ISP2022
D,PARTICIPANT_REGISTRATION,GENUNITS,2,SITHE03,,,Y,N,N,33,41,GROSS/NET,FAST,Y,N,41,GENERATOR,,"2019/05/30 12:21:00",0.72013037,"Natural Gas (Pipeline)",ISP2022
D,PARTICIPANT_REGISTRATION,GENUNITS,2,SITHE04,,,Y,N,N,33,62,GROSS/NET,FAST,Y,N,62,GENERATOR,,"2018/10/24 09:51:00",0.72013037,"Natural Gas (Pipeline)",ISP2022
D,PARTICIPANT_REGISTRATION,GENUNITS,2,SKSF1,,,N,N,N,11,15,GROSS/NET,,Y,N,13,GENERATOR,,"2018/10/24 09:51:00",0,Solar,ISP2022
D,PARTICIPANT_REGISTRATION,GENUNITS,2,SMCSF1,,,N,N,N,132,132,NET/NET,SLOW,Y,N,112,GENERATOR,,"2021/06/11 16:24:00",0,Solar,ISP2022
D,PARTICIPANT_REGISTRATION,GENUNITS,2,SMCSF2,,,N,N,N,132,11,NET/NET,SLOW,Y,N,9,GENERATOR,,"2021/06/11 16:24:00",0,Solar,ISP2022
D,PARTICIPANT_REGISTRATION,GENUNITS,2,SNAPPER1,,,N,Y,N,275,154,NET/NET,FAST,Y,N,150,GENERATOR,,"2021/12/17 11:58:00",0.53239353,"Diesel oil",ISP2022
D,PARTICIPANT_REGISTRATION,GENUNITS,2,SNOWNTH1,,,N,N,N,275,144,NET/NET,SLOW,Y,N,144,GENERATOR,,"2018/10/24 09:51:00",0,Wind,ISP2022
D,PARTICIPANT_REGISTRATION,GENUNITS,2,GH01,,,Y,N,N,33,25,GROSS/NET,SLOW,Y,N,25,GENERATOR,,"2018/10/24 09:51:11",0.93300429,"Kerosene - non aviation",ISP2020
D,PARTICIPANT_REGISTRATION,GENUNITS,2,GH02,,,Y,N,N,33,25,GROSS/NET,SLOW,Y,N,25,GENERATOR,,"2018/10/24 09:51:11",0.93300429,"Kerosene - non aviation",ISP2020
D,PARTICIPANT_REGISTRATION,GENUNITS,2,ADPMH1,,,N,N,N,11,1,GROSS/NET,,Y,N,1,GENERATOR,,"2021/11/05 14:34:55",0,Hydro,"ISP 2020"
D,PARTICIPANT_REGISTRATION,GENUNITS,2,ADPPV3,,,N,N,N,11,1,GROSS/NET,,Y,N,1,GENERATOR,,"2021/11/05 14:34:55",0,Solar,"ISP 2020"
D,PARTICIPANT_REGISTRATION,GENUNITS,2,ADPPV2,,,N,N,N,11,1,GROSS/NET,,Y,N,1,GENERATOR,,"2021/11/05 14:34:55",0,Solar,"ISP 2020"
D,PARTICIPANT_REGISTRATION,GENUNITS,2,BBATRY1,,,N,Y,N,132,67,NET/NET,FAST,Y,N,50,GENERATOR,,"2023/07/07 15:15:13",0,"Battery Storage","ISP 2020"
D,PARTICIPANT_REGISTRATION,GENUNITS,2,BBATRYL1,,,N,Y,N,132,67,GROSS/NET,FAST,Y,N,50,LOAD,,"2023/07/07 15:15:13",,,
D,PARTICIPANT_REGISTRATION,GENUNITS,2,SNOWSTH1,,,N,N,N,275,126,NET/NET,SLOW,Y,N,126,GENERATOR,,"2018/10/24 09:51:00",0,Wind,ISP2022
D,PARTICIPANT_REGISTRATION,GENUNITS,2,SNOWTWN1,,,N,N,N,132,99,NET/NET,SLOW,Y,N,99,GENERATOR,,"2018/10/24 09:51:00",0,Wind,ISP2022
D,PARTICIPANT_REGISTRATION,GENUNITS,2,SNUG1,,,Y,N,N,132,21,GROSS/NET,FAST,Y,N,23,GENERATOR,,"2018/10/24 09:51:00",1.43571429,"Diesel oil",ISP2022
D,PARTICIPANT_REGISTRATION,GENUNITS,2,SNUG2,,,Y,N,N,132,21,GROSS/NET,FAST,Y,N,23,GENERATOR,,"2018/10/24 09:51:00",1.43571429,"Diesel oil",ISP2022
D,PARTICIPANT_REGISTRATION,GENUNITS,2,SNUG3,,,Y,N,N,132,21,GROSS/NET,FAST,Y,N,23,GENERATOR,,"2018/10/24 09:51:00",1.43571429,"Diesel oil",ISP2022
D,PARTICIPANT_REGISTRATION,GENUNITS,2,SNUGNL1,,,N,N,N,330,25,GROSS/NET,FAST,Y,N,25,GENERATOR,,"2018/10/24 09:51:00",1.43571429,"Diesel oil",ISP2022
D,PARTICIPANT_REGISTRATION,GENUNITS,2,SRSF1,,,N,N,N,33,85,NET/NET,SLOW,Y,N,75,GENERATOR,,"2018/12/17 08:40:00",0,Solar,ISP2022
D,PARTICIPANT_REGISTRATION,GENUNITS,2,STAN-1,,,Y,Y,N,275,365,GROSS/NET,SLOW,Y,N,385,GENERATOR,,"2018/10/24 09:51:00",0.86018225,"Black coal",ISP2022
D,PARTICIPANT_REGISTRATION,GENUNITS,2,STAN-2,,,Y,Y,N,275,365,GROSS/NET,SLOW,Y,N,385,GENERATOR,,"2018/10/24 09:51:00",0.86018225,"Black coal",ISP2022
D,PARTICIPANT_REGISTRATION,GENUNITS,2,STAN-3,,,Y,Y,N,275,365,GROSS/NET,SLOW,Y,N,385,GENERATOR,,"2018/10/24 09:51:00",0.86018225,"Black coal",ISP2022
D,PARTICIPANT_REGISTRATION,GENUNITS,2,STAN-4,,,Y,Y,N,275,365,GROSS/NET,SLOW,Y,N,385,GENERATOR,,"2018/10/24 09:51:00",0.86018225,"Black coal",ISP2022
D,PARTICIPANT_REGISTRATION,GENUNITS,2,STANNL1,,,N,N,N,330,25,GROSS/NET,FAST,Y,N,25,GENERATOR,,"2018/10/24 09:51:00",0.86018225,"Black coal",ISP2022
D,PARTICIPANT_REGISTRATION,GENUNITS,2,STANV1,,,N,N,N,66,58,GROSS/NET,FAST,Y,N,65,GENERATOR,,"2018/10/24 09:51:00",0.67403994,"Diesel oil",ISP2022
D,PARTICIPANT_REGISTRATION,GENUNITS,2,STANV2,,,N,N,N,66,58,GROSS/NET,FAST,Y,N,32,GENERATOR,,"2018/10/24 09:51:00",0.67403994,"Diesel oil",ISP2022
D,PARTICIPANT_REGISTRATION,GENUNITS,2,STAPYLTON1,,,N,N,N,11,3,GROSS/NET,,Y,N,3,GENERATOR,,"2019/08/15 15:09:00",0.08305417,"Landfill biogas methane",NGA2022
D,PARTICIPANT_REGISTRATION,GENUNITS,2,STARHLWF,,,N,N,N,33,35,GROSS/NET,SLOW,Y,N,35,GENERATOR,,"2022/01/27 10:42:00",0,Wind,ISP2022
D,PARTICIPANT_REGISTRATION,GENUNITS,2,STGEORG1,,,N,N,N,1,1,GROSS/NET,,Y,N,1,GENERATOR,,"2018/10/24 09:51:00",0.79537693,"Diesel oil",NGA2022
D,PARTICIPANT_REGISTRATION,GENUNITS,2,STOCKYD1,,,N,Y,N,500,531,GROSS/NET,SLOW,Y,N,511,GENERATOR,,"2021/07/07 10:12:00",0,Wind,ISP2022
D,PARTICIPANT_REGISTRATION,GENUNITS,2,STWF1,,,N,N,N,220,198,NET/NET,SLOW,Y,N,198,GENERATOR,,"2018/10/24 09:51:00",0,Wind,ISP2022
D,PARTICIPANT_REGISTRATION,GENUNITS,2,SUNRSF1,,,N,N,N,220,228,GROSS/NET,SLOW,Y,N,200,GENERATOR,,"2020/11/06 15:00:00",0,Solar,ISP2022
D,PARTICIPANT_REGISTRATION,GENUNITS,2,SUNTPSF1,,,N,N,N,132,175,GROSS/NET,SLOW,Y,N,150,GENERATOR,,"2021/07/26 12:36:00",0,Solar,ISP2022
D,PARTICIPANT_REGISTRATION,GENUNITS,2,SVALE1,,,N,N,N,22,5,GROSS/NET,,Y,N,5,GENERATOR,,"2019/05/30 16:04:00",0.08305417,"Landfill biogas methane",NGA2022
D,PARTICIPANT_REGISTRATION,GENUNITS,2,SWAN_E,,,Y,Y,N,275,385,GROSS/NET,SLOW,Y,N,385,GENERATOR,,"2018/10/24 09:51:00",0.37820672,"Natural Gas (Pipeline)",ISP2022
D,PARTICIPANT_REGISTRATION,GENUNITS,2,TAHMOOR1,,,N,N,N,11,7,GROSS/NET,,Y,N,7,GENERATOR,,"2019/05/30 16:04:00",0.72583973,"Coal mine waste gas",NGA2022
D,PARTICIPANT_REGISTRATION,GENUNITS,2,TALLA1,,,Y,N,N,132,440,NET/NET,SLOW,Y,N,440,GENERATOR,,"2018/10/24 09:51:00",0.369225,"Natural Gas (Pipeline)",ISP2022
D,PARTICIPANT_REGISTRATION,GENUNITS,2,TARALGA1,,,N,N,N,132,106,GROSS/NET,SLOW,Y,N,106,GENERATOR,,"2018/10/24 09:51:00",0,Wind,ISP2022
D,PARTICIPANT_REGISTRATION,GENUNITS,2,TARNL1,,,N,N,N,330,25,GROSS/NET,FAST,Y,N,25,GENERATOR,,"2018/10/24 09:51:00",0.88007414,"Black coal",ISP2022
D,PARTICIPANT_REGISTRATION,GENUNITS,2,TARONG#1,,,Y,Y,N,275,350,GROSS/NET,SLOW,Y,N,385,GENERATOR,,"2018/10/24 09:51:00",0.88007414,"Black coal",ISP2022
D,PARTICIPANT_REGISTRATION,GENUNITS,2,TARONG#2,,,Y,Y,N,275,350,GROSS/NET,SLOW,Y,N,385,GENERATOR,,"2018/10/24 09:51:00",0.88007414,"Black coal",ISP2022
D,PARTICIPANT_REGISTRATION,GENUNITS,2,TARONG#3,,,Y,Y,N,275,350,GROSS/NET,SLOW,Y,N,385,GENERATOR,,"2018/10/24 09:51:00",0.88007414,"Black coal",ISP2022
D,PARTICIPANT_REGISTRATION,GENUNITS,2,TARONG#4,,,Y,Y,N,275,350,GROSS/NET,SLOW,Y,N,385,GENERATOR,,"2018/10/24 09:51:00",0.88007414,"Black coal",ISP2022
D,PARTICIPANT_REGISTRATION,GENUNITS,2,TARRALEA,,,Y,N,N,110,90,NET/NET,SLOW,Y,N,94,GENERATOR,,"2018/10/24 09:51:00",0,Hydro,ISP2022
D,PARTICIPANT_REGISTRATION,GENUNITS,2,TATIARA1,,,N,N,N,1,1,GROSS/NET,,Y,N,1,GENERATOR,,"2018/10/24 09:51:00",0.79537693,"Diesel oil",NGA2022
D,PARTICIPANT_REGISTRATION,GENUNITS,2,TATURA01,,,N,N,N,22,1,NET/NET,,Y,N,1,GENERATOR,,"2018/10/24 09:51:00",0.0230,"Biomass and industrial materials",NGA2022
D,PARTICIPANT_REGISTRATION,GENUNITS,2,TB2BGEN,,,N,Y,N,132,50,GROSS/NET,FAST,Y,N,41,GENERATOR,,"2023/02/24 14:11:00",0,"Battery Storage",ISP2022
D,PARTICIPANT_REGISTRATION,GENUNITS,2,TB2SGEN,,,N,Y,N,132,105,GROSS/NET,SLOW,Y,N,87,GENERATOR,,"2023/02/24 14:11:00",0,Solar,ISP2022
D,PARTICIPANT_REGISTRATION,GENUNITS,2,TBSF1,,,N,N,N,132,108,GROSS/NET,SLOW,Y,N,95,GENERATOR,,"2019/02/01 14:32:00",0,Solar,ISP2022
D,PARTICIPANT_REGISTRATION,GENUNITS,2,TGNSS1,,,N,N,N,22,10,NET/NET,,Y,N,10,GENERATOR,,"2019/05/30 16:04:00",0.60144457,"Natural Gas (Pipeline)",NGA2022
D,PARTICIPANT_REGISTRATION,GENUNITS,2,THEDROP1,,,N,N,N,22,3,GROSS/NET,,Y,N,3,GENERATOR,,"2018/10/24 09:51:00",0,Hydro,ISP2022
D,PARTICIPANT_REGISTRATION,GENUNITS,2,TIMWEST,,,N,N,N,22,7,NET/NET,SLOW,Y,N,7,GENERATOR,,"2018/10/08 11:14:00",0,Wind,ISP2022
D,PARTICIPANT_REGISTRATION,GENUNITS,2,CBWWPV1,,,N,N,N,11,2,GROSS/NET,,Y,N,2,GENERATOR,,"2022/07/08 16:15:17",0,Solar,"ISP 2020"
D,PARTICIPANT_REGISTRATION,GENUNITS,2,CBWWPV2,,,N,N,N,11,1,GROSS/NET,,Y,N,1,GENERATOR,,"2022/07/08 16:15:17",0,Solar,"ISP 2020"
D,PARTICIPANT_REGISTRATION,GENUNITS,2,CBWWBA1L,,,N,Y,N,11,2,GROSS/NET,FAST,Y,N,2,LOAD,,"2022/07/08 16:15:17",,,
D,PARTICIPANT_REGISTRATION,GENUNITS,2,CBWWBG1,,,N,N,N,11,1,GROSS/NET,SLOW,Y,N,1,GENERATOR,,"2022/07/08 16:15:17",0.3570,"Other Biofuels","NGA 2020"
D,PARTICIPANT_REGISTRATION,GENUNITS,2,CBWWDG1,,,N,N,N,11,2,GROSS/NET,SLOW,Y,N,1,GENERATOR,,"2022/07/08 16:15:17",0.7850,"Diesel oil","NGA 2020"
D,PARTICIPANT_REGISTRATION,GENUNITS,2,CBWWDG2,,,N,N,N,11,1,GROSS/NET,SLOW,Y,N,1,GENERATOR,,"2022/07/08 16:15:17",0.7850,"Diesel oil","NGA 2020"
D,PARTICIPANT_REGISTRATION,GENUNITS,2,TITREE,,,N,N,N,33,2,GROSS/NET,,Y,N,2,GENERATOR,,"2018/10/24 09:51:00",0.08305417,"Landfill biogas methane",NGA2022
D,PARTICIPANT_REGISTRATION,GENUNITS,2,TNPS1,,,Y,Y,N,275,443,GROSS/NET,SLOW,Y,N,480,GENERATOR,,"2018/10/24 09:51:00",0.88007414,"Black coal",ISP2022
D,PARTICIPANT_REGISTRATION,GENUNITS,2,TOORAWF,,,N,N,N,66,21,GROSS/NET,,Y,N,21,GENERATOR,,"2018/10/24 09:51:00",0,Wind,ISP2022
D,PARTICIPANT_REGISTRATION,GENUNITS,2,TORNL1,,,N,N,N,275,100,GROSS/NET,,Y,N,100,GENERATOR,,"2018/10/24 09:51:00",0.57986784,"Natural Gas (Pipeline)",ISP2022
D,PARTICIPANT_REGISTRATION,GENUNITS,2,TORRB1,,,Y,Y,N,275,200,GROSS/NET,SLOW,Y,N,210,GENERATOR,,"2018/10/24 09:51:00",0.57986784,"Natural Gas (Pipeline)",ISP2022
D,PARTICIPANT_REGISTRATION,GENUNITS,2,TORRB2,,,Y,Y,N,275,200,GROSS/NET,SLOW,Y,N,210,GENERATOR,,"2018/10/24 09:51:00",0.57986784,"Natural Gas (Pipeline)",ISP2022
D,PARTICIPANT_REGISTRATION,GENUNITS,2,TORRB3,,,Y,Y,N,275,200,GROSS/NET,SLOW,Y,N,210,GENERATOR,,"2018/10/24 09:51:00",0.57986784,"Natural Gas (Pipeline)",ISP2022
D,PARTICIPANT_REGISTRATION,GENUNITS,2,TORRB4,,,Y,Y,N,275,200,GROSS/NET,SLOW,Y,N,210,GENERATOR,,"2018/10/24 09:51:00",0.57986784,"Natural Gas (Pipeline)",ISP2022
D,PARTICIPANT_REGISTRATION,GENUNITS,2,TOWER,,,N,N,N,66,41,NET/NET,,Y,N,41,GENERATOR,,"2018/10/24 09:51:00",0.56318004,"Coal seam methane",NGA2022
D,PARTICIPANT_REGISTRATION,GENUNITS,2,TREVALLN,,,Y,Y,N,110,93,NET/NET,SLOW,Y,N,107,GENERATOR,,"2021/09/23 11:39:00",0,Hydro,ISP2022
D,PARTICIPANT_REGISTRATION,GENUNITS,2,TRIBNL1,,,N,N,N,220,25,NET/NET,,Y,N,30,GENERATOR,,"2018/10/24 09:51:00",0,Hydro,ISP2022
D,PARTICIPANT_REGISTRATION,GENUNITS,2,TRIBUTE,,,Y,Y,N,220,83,NET/NET,SLOW,Y,N,92,GENERATOR,,"2018/10/24 09:51:00",0,Hydro,ISP2022
D,PARTICIPANT_REGISTRATION,GENUNITS,2,TUMT3NL1,,,N,N,N,330,25,GROSS/NET,,Y,N,30,GENERATOR,,"2018/10/24 09:51:00",0,Hydro,ISP2022
D,PARTICIPANT_REGISTRATION,GENUNITS,2,TUMT3NL2,,,N,N,N,330,25,GROSS/NET,,Y,N,30,GENERATOR,,"2018/10/24 09:51:00",0,Hydro,ISP2022
D,PARTICIPANT_REGISTRATION,GENUNITS,2,TUMT3NL3,,,N,N,N,330,25,GROSS/NET,,Y,N,30,GENERATOR,,"2018/10/24 09:51:00",0,Hydro,ISP2022
D,PARTICIPANT_REGISTRATION,GENUNITS,2,TUMUT3,,,Y,Y,N,330,1500,GROSS/NET,FAST,Y,N,1800,GENERATOR,,"2018/10/24 09:51:00",0,Hydro,ISP2022
D,PARTICIPANT_REGISTRATION,GENUNITS,2,TUNGATIN,,,Y,Y,N,110,125,NET/NET,SLOW,Y,N,142,GENERATOR,,"2018/10/24 09:51:00",0,Hydro,ISP2022
D,PARTICIPANT_REGISTRATION,GENUNITS,2,TVCC_GT1,,,N,Y,N,220,140,GROSS/NET,SLOW,Y,N,140,GENERATOR,,"2018/10/24 09:51:00",0.51628843,"Natural Gas (Pipeline)",ISP2022
D,PARTICIPANT_REGISTRATION,GENUNITS,2,TVPP104,,,N,Y,N,110,58,GROSS/NET,FAST,Y,N,58,GENERATOR,,"2018/10/24 09:51:00",0.51628843,"Natural Gas (Pipeline)",ISP2022
D,PARTICIPANT_REGISTRATION,GENUNITS,2,UPPTUMUT,,,Y,Y,N,330,616,GROSS/NET,FAST,Y,N,665,GENERATOR,,"2018/10/24 09:51:00",0,Hydro,ISP2022
D,PARTICIPANT_REGISTRATION,GENUNITS,2,URANQ11,,,Y,Y,N,132,166,NET/NET,FAST,Y,N,173,GENERATOR,,"2022/09/13 10:52:00",0.590816,"Natural Gas (Pipeline)",ISP2022
D,PARTICIPANT_REGISTRATION,GENUNITS,2,URANQ12,,,Y,Y,N,132,166,NET/NET,FAST,Y,N,173,GENERATOR,,"2022/09/13 10:52:00",0.590816,"Natural Gas (Pipeline)",ISP2022
D,PARTICIPANT_REGISTRATION,GENUNITS,2,URANQ13,,,Y,Y,N,132,166,NET/NET,FAST,Y,N,173,GENERATOR,,"2022/09/13 10:52:00",0.590816,"Natural Gas (Pipeline)",ISP2022
D,PARTICIPANT_REGISTRATION,GENUNITS,2,URANQ14,,,Y,Y,N,132,166,NET/NET,FAST,Y,N,173,GENERATOR,,"2022/09/13 10:52:00",0.590816,"Natural Gas (Pipeline)",ISP2022
D,PARTICIPANT_REGISTRATION,GENUNITS,2,VALDORA1,,,N,N,N,33,15,NET/NET,,Y,N,15,GENERATOR,,"2018/10/24 09:51:00",0,Solar,ISP2022
D,PARTICIPANT_REGISTRATION,GENUNITS,2,VBBG1,,,N,Y,N,220,360,GROSS/NET,FAST,Y,N,300,GENERATOR,,"2021/07/26 09:40:00",0,"Battery Storage",ISP2022
D,PARTICIPANT_REGISTRATION,GENUNITS,2,VP5,,,Y,Y,N,330,660,GROSS/NET,SLOW,Y,N,680,GENERATOR,,"2018/10/24 09:51:00",0.87716580,"Black coal",ISP2022
D,PARTICIPANT_REGISTRATION,GENUNITS,2,VP6,,,Y,Y,N,330,660,GROSS/NET,SLOW,Y,N,680,GENERATOR,,"2018/10/24 09:51:00",0.87716580,"Black coal",ISP2022
D,PARTICIPANT_REGISTRATION,GENUNITS,2,VPGS1,,,Y,N,N,500,50,GROSS/NET,FAST,Y,N,60,GENERATOR,,"2018/10/24 09:51:00",0.81448250,"Natural Gas (Pipeline)",ISP2022
D,PARTICIPANT_REGISTRATION,GENUNITS,2,VPGS2,,,Y,N,N,500,50,GROSS/NET,FAST,Y,N,60,GENERATOR,,"2018/10/24 09:51:00",0.81448250,"Natural Gas (Pipeline)",ISP2022
D,PARTICIPANT_REGISTRATION,GENUNITS,2,VPGS3,,,Y,N,N,500,50,GROSS/NET,FAST,Y,N,60,GENERATOR,,"2018/10/24 09:51:00",0.81448250,"Natural Gas (Pipeline)",ISP2022
D,PARTICIPANT_REGISTRATION,GENUNITS,2,KINCUM1,,,N,N,N,11,1,GROSS/NET,,Y,N,1,GENERATOR,,"2018/10/24 09:51:11",0.0830,"Landfill biogas methane","NGA 2020"
D,PARTICIPANT_REGISTRATION,GENUNITS,2,LD03,,,Y,N,N,330,500,GROSS/NET,SLOW,Y,N,550,GENERATOR,,"2018/10/24 09:51:11",0.98059172,"Black coal",ISP2020
D,PARTICIPANT_REGISTRATION,GENUNITS,2,LONSDALE,,,N,N,N,11,21,NET/NET,FAST,Y,N,21,GENERATOR,,"2018/10/24 09:51:11",1.4918,"Diesel oil",ISP2020
D,PARTICIPANT_REGISTRATION,GENUNITS,2,HPRL1,,,N,Y,N,275,120,GROSS/NET,FAST,Y,N,120,LOAD,,"2020/06/23 16:03:31",,,
D,PARTICIPANT_REGISTRATION,GENUNITS,2,FLYCRKWF,,,N,Y,N,132,145,GROSS/NET,SLOW,Y,N,140,GENERATOR,,"2023/08/04 15:05:25",0,Wind,ISP2022
C,"END OF REPORT",851
